t=2026-06-29T14:31:02+0800 lvl=info msg="no configuration paths supplied"
t=2026-06-29T14:31:02+0800 lvl=info msg="using configuration at default config path" path=C:\\Users\\INVENTORY\\AppData\\Local\\ngrok\\ngrok.yml
t=2026-06-29T14:31:02+0800 lvl=info msg="open config file" path=C:\\Users\\INVENTORY\\AppData\\Local\\ngrok\\ngrok.yml err=nil
t=2026-06-29T14:31:02+0800 lvl=info msg="FIPS 140 mode" enabled=false
t=2026-06-29T14:31:02+0800 lvl=info msg="starting web service" obj=web addr=127.0.0.1:4040 allow_hosts=[]
t=2026-06-29T14:31:02+0800 lvl=info msg="client session established" obj=tunnels.session
t=2026-06-29T14:31:02+0800 lvl=info msg="tunnel session started" obj=tunnels.session
t=2026-06-29T14:31:03+0800 lvl=info msg="started tunnel" obj=tunnels name=command_line addr=http://localhost:80 url=https://blouse-unison-paging.ngrok-free.dev
t=2026-06-29T14:47:28+0800 lvl=info msg=start pg=/api/tunnels id=b46e8b804908363d
t=2026-06-29T14:47:28+0800 lvl=info msg=end pg=/api/tunnels id=b46e8b804908363d status=200 dur=4.6694ms
t=2026-06-30T01:18:29+0800 lvl=eror msg="heartbeat timeout, terminating session" obj=tunnels.session obj=csess id=5cdfaff15577 clientid=11867e4e1463b99c98533dfbd6ff162b
t=2026-06-30T01:18:29+0800 lvl=eror msg="session closed, starting reconnect loop" obj=tunnels.session obj=csess id=b2decc312dc8 err="session closed"
t=2026-06-30T01:18:39+0800 lvl=eror msg="failed to reconnect session" obj=tunnels.session err="failed to dial ngrok server with address \"connect.ngrok-agent.com:443\": dial tcp: lookup connect.ngrok-agent.com: i/o timeout"
t=2026-06-30T01:18:40+0800 lvl=eror msg="failed to reconnect session" obj=tunnels.session err="failed to dial ngrok server with address \"connect.ngrok-agent.com:443\": dial tcp: lookup connect.ngrok-agent.com: no such host"
t=2026-06-30T01:18:51+0800 lvl=eror msg="failed to reconnect session" obj=tunnels.session err="failed to dial ngrok server with address \"connect.ngrok-agent.com:443\": dial tcp: lookup connect.ngrok-agent.com: i/o timeout"
t=2026-06-30T01:18:53+0800 lvl=eror msg="failed to reconnect session" obj=tunnels.session err="failed to dial ngrok server with address \"connect.ngrok-agent.com:443\": dial tcp: lookup connect.ngrok-agent.com: no such host"
t=2026-06-30T01:18:57+0800 lvl=eror msg="failed to reconnect session" obj=tunnels.session err="failed to dial ngrok server with address \"connect.ngrok-agent.com:443\": dial tcp: lookup connect.ngrok-agent.com: no such host"
t=2026-06-30T01:19:15+0800 lvl=eror msg="failed to reconnect session" obj=tunnels.session err="failed to dial ngrok server with address \"connect.ngrok-agent.com:443\": dial tcp: lookup connect.ngrok-agent.com: i/o timeout"
t=2026-06-30T01:19:41+0800 lvl=eror msg="failed to reconnect session" obj=tunnels.session err="failed to dial ngrok server with address \"connect.ngrok-agent.com:443\": dial tcp: lookup connect.ngrok-agent.com: i/o timeout"
t=2026-06-30T01:20:11+0800 lvl=eror msg="failed to reconnect session" obj=tunnels.session err="failed to dial ngrok server with address \"connect.ngrok-agent.com:443\": dial tcp: lookup connect.ngrok-agent.com: no such host"
t=2026-06-30T01:20:41+0800 lvl=eror msg="failed to reconnect session" obj=tunnels.session err="failed to dial ngrok server with address \"connect.ngrok-agent.com:443\": dial tcp: lookup connect.ngrok-agent.com: no such host"
t=2026-06-30T01:21:21+0800 lvl=eror msg="failed to reconnect session" obj=tunnels.session err="failed to dial ngrok server with address \"connect.ngrok-agent.com:443\": dial tcp: lookup connect.ngrok-agent.com: i/o timeout"
t=2026-06-30T01:21:51+0800 lvl=eror msg="failed to reconnect session" obj=tunnels.session err="failed to dial ngrok server with address \"connect.ngrok-agent.com:443\": dial tcp: lookup connect.ngrok-agent.com: no such host"
t=2026-06-30T01:22:31+0800 lvl=eror msg="failed to reconnect session" obj=tunnels.session err="failed to dial ngrok server with address \"connect.ngrok-agent.com:443\": dial tcp: lookup connect.ngrok-agent.com: i/o timeout"
t=2026-06-30T01:23:01+0800 lvl=eror msg="failed to reconnect session" obj=tunnels.session err="failed to dial ngrok server with address \"connect.ngrok-agent.com:443\": dial tcp: lookup connect.ngrok-agent.com: no such host"
t=2026-06-30T01:23:31+0800 lvl=eror msg="failed to reconnect session" obj=tunnels.session err="failed to dial ngrok server with address \"connect.ngrok-agent.com:443\": dial tcp: lookup connect.ngrok-agent.com: no such host"
t=2026-06-30T01:24:01+0800 lvl=eror msg="failed to reconnect session" obj=tunnels.session err="failed to dial ngrok server with address \"connect.ngrok-agent.com:443\": dial tcp: lookup connect.ngrok-agent.com: no such host"
t=2026-06-30T01:24:41+0800 lvl=eror msg="failed to reconnect session" obj=tunnels.session err="failed to dial ngrok server with address \"connect.ngrok-agent.com:443\": dial tcp: lookup connect.ngrok-agent.com: i/o timeout"
t=2026-06-30T01:25:21+0800 lvl=eror msg="failed to reconnect session" obj=tunnels.session err="failed to dial ngrok server with address \"connect.ngrok-agent.com:443\": dial tcp: lookup connect.ngrok-agent.com: i/o timeout"
t=2026-06-30T01:25:51+0800 lvl=eror msg="failed to reconnect session" obj=tunnels.session err="failed to dial ngrok server with address \"connect.ngrok-agent.com:443\": dial tcp: lookup connect.ngrok-agent.com: no such host"
t=2026-06-30T01:26:21+0800 lvl=eror msg="failed to reconnect session" obj=tunnels.session err="failed to dial ngrok server with address \"connect.ngrok-agent.com:443\": dial tcp: lookup connect.ngrok-agent.com: no such host"
t=2026-06-30T01:26:51+0800 lvl=eror msg="failed to reconnect session" obj=tunnels.session err="failed to dial ngrok server with address \"connect.ngrok-agent.com:443\": dial tcp: lookup connect.ngrok-agent.com: no such host"
t=2026-06-30T01:27:31+0800 lvl=eror msg="failed to reconnect session" obj=tunnels.session err="failed to dial ngrok server with address \"connect.ngrok-agent.com:443\": dial tcp: lookup connect.ngrok-agent.com: i/o timeout"
t=2026-06-30T01:28:11+0800 lvl=eror msg="failed to reconnect session" obj=tunnels.session err="failed to dial ngrok server with address \"connect.ngrok-agent.com:443\": dial tcp: lookup connect.ngrok-agent.com: i/o timeout"
t=2026-06-30T01:28:51+0800 lvl=eror msg="failed to reconnect session" obj=tunnels.session err="failed to dial ngrok server with address \"connect.ngrok-agent.com:443\": dial tcp: lookup connect.ngrok-agent.com: i/o timeout"
t=2026-06-30T01:29:21+0800 lvl=eror msg="failed to reconnect session" obj=tunnels.session err="failed to dial ngrok server with address \"connect.ngrok-agent.com:443\": dial tcp: lookup connect.ngrok-agent.com: no such host"
t=2026-06-30T01:30:01+0800 lvl=eror msg="failed to reconnect session" obj=tunnels.session err="failed to dial ngrok server with address \"connect.ngrok-agent.com:443\": dial tcp: lookup connect.ngrok-agent.com: i/o timeout"
t=2026-06-30T01:30:41+0800 lvl=eror msg="failed to reconnect session" obj=tunnels.session err="failed to dial ngrok server with address \"connect.ngrok-agent.com:443\": dial tcp: lookup connect.ngrok-agent.com: i/o timeout"
t=2026-06-30T01:31:21+0800 lvl=eror msg="failed to reconnect session" obj=tunnels.session err="failed to dial ngrok server with address \"connect.ngrok-agent.com:443\": dial tcp: lookup connect.ngrok-agent.com: i/o timeout"
t=2026-06-30T01:31:51+0800 lvl=eror msg="failed to reconnect session" obj=tunnels.session err="failed to dial ngrok server with address \"connect.ngrok-agent.com:443\": dial tcp: lookup connect.ngrok-agent.com: no such host"
t=2026-06-30T01:32:31+0800 lvl=eror msg="failed to reconnect session" obj=tunnels.session err="failed to dial ngrok server with address \"connect.ngrok-agent.com:443\": dial tcp: lookup connect.ngrok-agent.com: i/o timeout"
t=2026-06-30T01:33:01+0800 lvl=eror msg="failed to reconnect session" obj=tunnels.session err="failed to dial ngrok server with address \"connect.ngrok-agent.com:443\": dial tcp: lookup connect.ngrok-agent.com: no such host"
t=2026-06-30T01:33:41+0800 lvl=eror msg="failed to reconnect session" obj=tunnels.session err="failed to dial ngrok server with address \"connect.ngrok-agent.com:443\": dial tcp: lookup connect.ngrok-agent.com: i/o timeout"
t=2026-06-30T01:34:11+0800 lvl=eror msg="failed to reconnect session" obj=tunnels.session err="failed to dial ngrok server with address \"connect.ngrok-agent.com:443\": dial tcp: lookup connect.ngrok-agent.com: no such host"
t=2026-06-30T01:34:51+0800 lvl=eror msg="failed to reconnect session" obj=tunnels.session err="failed to dial ngrok server with address \"connect.ngrok-agent.com:443\": dial tcp: lookup connect.ngrok-agent.com: i/o timeout"
t=2026-06-30T01:35:21+0800 lvl=eror msg="failed to reconnect session" obj=tunnels.session err="failed to dial ngrok server with address \"connect.ngrok-agent.com:443\": dial tcp: lookup connect.ngrok-agent.com: no such host"
t=2026-06-30T01:35:51+0800 lvl=eror msg="failed to reconnect session" obj=tunnels.session err="failed to dial ngrok server with address \"connect.ngrok-agent.com:443\": dial tcp: lookup connect.ngrok-agent.com: no such host"
t=2026-06-30T01:36:31+0800 lvl=eror msg="failed to reconnect session" obj=tunnels.session err="failed to dial ngrok server with address \"connect.ngrok-agent.com:443\": dial tcp: lookup connect.ngrok-agent.com: i/o timeout"
t=2026-06-30T01:37:11+0800 lvl=eror msg="failed to reconnect session" obj=tunnels.session err="failed to dial ngrok server with address \"connect.ngrok-agent.com:443\": dial tcp: lookup connect.ngrok-agent.com: i/o timeout"
t=2026-06-30T01:37:41+0800 lvl=eror msg="failed to reconnect session" obj=tunnels.session err="failed to dial ngrok server with address \"connect.ngrok-agent.com:443\": dial tcp: lookup connect.ngrok-agent.com: no such host"
t=2026-06-30T01:38:21+0800 lvl=eror msg="failed to reconnect session" obj=tunnels.session err="failed to dial ngrok server with address \"connect.ngrok-agent.com:443\": dial tcp: lookup connect.ngrok-agent.com: i/o timeout"
t=2026-06-30T01:39:01+0800 lvl=eror msg="failed to reconnect session" obj=tunnels.session err="failed to dial ngrok server with address \"connect.ngrok-agent.com:443\": dial tcp: lookup connect.ngrok-agent.com: i/o timeout"
t=2026-06-30T01:39:41+0800 lvl=eror msg="failed to reconnect session" obj=tunnels.session err="failed to dial ngrok server with address \"connect.ngrok-agent.com:443\": dial tcp: lookup connect.ngrok-agent.com: i/o timeout"
t=2026-06-30T01:40:21+0800 lvl=eror msg="failed to reconnect session" obj=tunnels.session err="failed to dial ngrok server with address \"connect.ngrok-agent.com:443\": dial tcp: lookup connect.ngrok-agent.com: i/o timeout"
t=2026-06-30T01:40:51+0800 lvl=eror msg="failed to reconnect session" obj=tunnels.session err="failed to dial ngrok server with address \"connect.ngrok-agent.com:443\": dial tcp: lookup connect.ngrok-agent.com: no such host"
t=2026-06-30T01:41:31+0800 lvl=eror msg="failed to reconnect session" obj=tunnels.session err="failed to dial ngrok server with address \"connect.ngrok-agent.com:443\": dial tcp: lookup connect.ngrok-agent.com: i/o timeout"
t=2026-06-30T01:42:01+0800 lvl=eror msg="failed to reconnect session" obj=tunnels.session err="failed to dial ngrok server with address \"connect.ngrok-agent.com:443\": dial tcp: lookup connect.ngrok-agent.com: no such host"
t=2026-06-30T01:42:31+0800 lvl=eror msg="failed to reconnect session" obj=tunnels.session err="failed to dial ngrok server with address \"connect.ngrok-agent.com:443\": dial tcp: lookup connect.ngrok-agent.com: no such host"
t=2026-06-30T01:43:11+0800 lvl=eror msg="failed to reconnect session" obj=tunnels.session err="failed to dial ngrok server with address \"connect.ngrok-agent.com:443\": dial tcp: lookup connect.ngrok-agent.com: i/o timeout"
t=2026-06-30T01:43:41+0800 lvl=eror msg="failed to reconnect session" obj=tunnels.session err="failed to dial ngrok server with address \"connect.ngrok-agent.com:443\": dial tcp: lookup connect.ngrok-agent.com: no such host"
t=2026-06-30T01:44:11+0800 lvl=eror msg="failed to reconnect session" obj=tunnels.session err="failed to dial ngrok server with address \"connect.ngrok-agent.com:443\": dial tcp: lookup connect.ngrok-agent.com: no such host"
t=2026-06-30T01:44:41+0800 lvl=eror msg="failed to reconnect session" obj=tunnels.session err="failed to dial ngrok server with address \"connect.ngrok-agent.com:443\": dial tcp: lookup connect.ngrok-agent.com: no such host"
t=2026-06-30T01:45:21+0800 lvl=eror msg="failed to reconnect session" obj=tunnels.session err="failed to dial ngrok server with address \"connect.ngrok-agent.com:443\": dial tcp: lookup connect.ngrok-agent.com: i/o timeout"
t=2026-06-30T01:45:51+0800 lvl=eror msg="failed to reconnect session" obj=tunnels.session err="failed to dial ngrok server with address \"connect.ngrok-agent.com:443\": dial tcp: lookup connect.ngrok-agent.com: no such host"
t=2026-06-30T01:46:21+0800 lvl=eror msg="failed to reconnect session" obj=tunnels.session err="failed to dial ngrok server with address \"connect.ngrok-agent.com:443\": dial tcp: lookup connect.ngrok-agent.com: no such host"
t=2026-06-30T01:47:01+0800 lvl=eror msg="failed to reconnect session" obj=tunnels.session err="failed to dial ngrok server with address \"connect.ngrok-agent.com:443\": dial tcp: lookup connect.ngrok-agent.com: i/o timeout"
t=2026-06-30T01:47:41+0800 lvl=eror msg="failed to reconnect session" obj=tunnels.session err="failed to dial ngrok server with address \"connect.ngrok-agent.com:443\": dial tcp: lookup connect.ngrok-agent.com: i/o timeout"
t=2026-06-30T01:48:11+0800 lvl=eror msg="failed to reconnect session" obj=tunnels.session err="failed to dial ngrok server with address \"connect.ngrok-agent.com:443\": dial tcp: lookup connect.ngrok-agent.com: no such host"
t=2026-06-30T01:48:41+0800 lvl=eror msg="failed to reconnect session" obj=tunnels.session err="failed to dial ngrok server with address \"connect.ngrok-agent.com:443\": dial tcp: lookup connect.ngrok-agent.com: no such host"
t=2026-06-30T01:49:11+0800 lvl=eror msg="failed to reconnect session" obj=tunnels.session err="failed to dial ngrok server with address \"connect.ngrok-agent.com:443\": dial tcp: lookup connect.ngrok-agent.com: no such host"
t=2026-06-30T01:49:41+0800 lvl=eror msg="failed to reconnect session" obj=tunnels.session err="failed to dial ngrok server with address \"connect.ngrok-agent.com:443\": dial tcp: lookup connect.ngrok-agent.com: no such host"
t=2026-06-30T01:50:11+0800 lvl=eror msg="failed to reconnect session" obj=tunnels.session err="failed to dial ngrok server with address \"connect.ngrok-agent.com:443\": dial tcp: lookup connect.ngrok-agent.com: no such host"
t=2026-06-30T01:50:41+0800 lvl=eror msg="failed to reconnect session" obj=tunnels.session err="failed to dial ngrok server with address \"connect.ngrok-agent.com:443\": dial tcp: lookup connect.ngrok-agent.com: no such host"
t=2026-06-30T01:51:21+0800 lvl=eror msg="failed to reconnect session" obj=tunnels.session err="failed to dial ngrok server with address \"connect.ngrok-agent.com:443\": dial tcp: lookup connect.ngrok-agent.com: i/o timeout"
t=2026-06-30T01:52:01+0800 lvl=eror msg="failed to reconnect session" obj=tunnels.session err="failed to dial ngrok server with address \"connect.ngrok-agent.com:443\": dial tcp: lookup connect.ngrok-agent.com: i/o timeout"
t=2026-06-30T01:52:41+0800 lvl=eror msg="failed to reconnect session" obj=tunnels.session err="failed to dial ngrok server with address \"connect.ngrok-agent.com:443\": dial tcp: lookup connect.ngrok-agent.com: i/o timeout"
t=2026-06-30T01:53:11+0800 lvl=eror msg="failed to reconnect session" obj=tunnels.session err="failed to dial ngrok server with address \"connect.ngrok-agent.com:443\": dial tcp: lookup connect.ngrok-agent.com: no such host"
t=2026-06-30T01:53:41+0800 lvl=eror msg="failed to reconnect session" obj=tunnels.session err="failed to dial ngrok server with address \"connect.ngrok-agent.com:443\": dial tcp: lookup connect.ngrok-agent.com: no such host"
t=2026-06-30T01:54:21+0800 lvl=eror msg="failed to reconnect session" obj=tunnels.session err="failed to dial ngrok server with address \"connect.ngrok-agent.com:443\": dial tcp: lookup connect.ngrok-agent.com: i/o timeout"
t=2026-06-30T01:54:51+0800 lvl=eror msg="failed to reconnect session" obj=tunnels.session err="failed to dial ngrok server with address \"connect.ngrok-agent.com:443\": dial tcp: lookup connect.ngrok-agent.com: no such host"
t=2026-06-30T01:55:21+0800 lvl=eror msg="failed to reconnect session" obj=tunnels.session err="failed to dial ngrok server with address \"connect.ngrok-agent.com:443\": dial tcp: lookup connect.ngrok-agent.com: no such host"
t=2026-06-30T01:56:01+0800 lvl=eror msg="failed to reconnect session" obj=tunnels.session err="failed to dial ngrok server with address \"connect.ngrok-agent.com:443\": dial tcp: lookup connect.ngrok-agent.com: i/o timeout"
t=2026-06-30T01:56:31+0800 lvl=eror msg="failed to reconnect session" obj=tunnels.session err="failed to dial ngrok server with address \"connect.ngrok-agent.com:443\": dial tcp: lookup connect.ngrok-agent.com: no such host"
t=2026-06-30T01:57:01+0800 lvl=eror msg="failed to reconnect session" obj=tunnels.session err="failed to dial ngrok server with address \"connect.ngrok-agent.com:443\": dial tcp: lookup connect.ngrok-agent.com: no such host"
t=2026-06-30T01:57:31+0800 lvl=eror msg="failed to reconnect session" obj=tunnels.session err="failed to dial ngrok server with address \"connect.ngrok-agent.com:443\": dial tcp: lookup connect.ngrok-agent.com: no such host"
t=2026-06-30T01:58:11+0800 lvl=eror msg="failed to reconnect session" obj=tunnels.session err="failed to dial ngrok server with address \"connect.ngrok-agent.com:443\": dial tcp: lookup connect.ngrok-agent.com: i/o timeout"
t=2026-06-30T01:58:41+0800 lvl=eror msg="failed to reconnect session" obj=tunnels.session err="failed to dial ngrok server with address \"connect.ngrok-agent.com:443\": dial tcp: lookup connect.ngrok-agent.com: no such host"
t=2026-06-30T01:59:11+0800 lvl=eror msg="failed to reconnect session" obj=tunnels.session err="failed to dial ngrok server with address \"connect.ngrok-agent.com:443\": dial tcp: lookup connect.ngrok-agent.com: no such host"
t=2026-06-30T01:59:51+0800 lvl=eror msg="failed to reconnect session" obj=tunnels.session err="failed to dial ngrok server with address \"connect.ngrok-agent.com:443\": dial tcp: lookup connect.ngrok-agent.com: i/o timeout"
t=2026-06-30T02:00:21+0800 lvl=eror msg="failed to reconnect session" obj=tunnels.session err="failed to dial ngrok server with address \"connect.ngrok-agent.com:443\": dial tcp: lookup connect.ngrok-agent.com: no such host"
t=2026-06-30T02:01:01+0800 lvl=eror msg="failed to reconnect session" obj=tunnels.session err="failed to dial ngrok server with address \"connect.ngrok-agent.com:443\": dial tcp: lookup connect.ngrok-agent.com: i/o timeout"
t=2026-06-30T02:01:31+0800 lvl=eror msg="failed to reconnect session" obj=tunnels.session err="failed to dial ngrok server with address \"connect.ngrok-agent.com:443\": dial tcp: lookup connect.ngrok-agent.com: no such host"
t=2026-06-30T02:02:11+0800 lvl=eror msg="failed to reconnect session" obj=tunnels.session err="failed to dial ngrok server with address \"connect.ngrok-agent.com:443\": dial tcp: lookup connect.ngrok-agent.com: i/o timeout"
t=2026-06-30T02:02:41+0800 lvl=eror msg="failed to reconnect session" obj=tunnels.session err="failed to dial ngrok server with address \"connect.ngrok-agent.com:443\": dial tcp: lookup connect.ngrok-agent.com: no such host"
t=2026-06-30T02:03:11+0800 lvl=eror msg="failed to reconnect session" obj=tunnels.session err="failed to dial ngrok server with address \"connect.ngrok-agent.com:443\": dial tcp: lookup connect.ngrok-agent.com: no such host"
t=2026-06-30T02:03:51+0800 lvl=eror msg="failed to reconnect session" obj=tunnels.session err="failed to dial ngrok server with address \"connect.ngrok-agent.com:443\": dial tcp: lookup connect.ngrok-agent.com: i/o timeout"
t=2026-06-30T02:04:31+0800 lvl=eror msg="failed to reconnect session" obj=tunnels.session err="failed to dial ngrok server with address \"connect.ngrok-agent.com:443\": dial tcp: lookup connect.ngrok-agent.com: i/o timeout"
t=2026-06-30T02:05:01+0800 lvl=eror msg="failed to reconnect session" obj=tunnels.session err="failed to dial ngrok server with address \"connect.ngrok-agent.com:443\": dial tcp: lookup connect.ngrok-agent.com: no such host"
t=2026-06-30T02:05:31+0800 lvl=eror msg="failed to reconnect session" obj=tunnels.session err="failed to dial ngrok server with address \"connect.ngrok-agent.com:443\": dial tcp: lookup connect.ngrok-agent.com: no such host"
t=2026-06-30T02:06:11+0800 lvl=eror msg="failed to reconnect session" obj=tunnels.session err="failed to dial ngrok server with address \"connect.ngrok-agent.com:443\": dial tcp: lookup connect.ngrok-agent.com: i/o timeout"
t=2026-06-30T02:06:51+0800 lvl=eror msg="failed to reconnect session" obj=tunnels.session err="failed to dial ngrok server with address \"connect.ngrok-agent.com:443\": dial tcp: lookup connect.ngrok-agent.com: i/o timeout"
t=2026-06-30T02:07:21+0800 lvl=eror msg="failed to reconnect session" obj=tunnels.session err="failed to dial ngrok server with address \"connect.ngrok-agent.com:443\": dial tcp: lookup connect.ngrok-agent.com: no such host"
t=2026-06-30T02:07:51+0800 lvl=eror msg="failed to reconnect session" obj=tunnels.session err="failed to dial ngrok server with address \"connect.ngrok-agent.com:443\": dial tcp: lookup connect.ngrok-agent.com: no such host"
t=2026-06-30T02:08:21+0800 lvl=eror msg="failed to reconnect session" obj=tunnels.session err="failed to dial ngrok server with address \"connect.ngrok-agent.com:443\": dial tcp: lookup connect.ngrok-agent.com: no such host"
t=2026-06-30T02:08:51+0800 lvl=eror msg="failed to reconnect session" obj=tunnels.session err="failed to dial ngrok server with address \"connect.ngrok-agent.com:443\": dial tcp: lookup connect.ngrok-agent.com: no such host"
t=2026-06-30T02:09:21+0800 lvl=eror msg="failed to reconnect session" obj=tunnels.session err="failed to dial ngrok server with address \"connect.ngrok-agent.com:443\": dial tcp: lookup connect.ngrok-agent.com: no such host"
t=2026-06-30T02:10:01+0800 lvl=eror msg="failed to reconnect session" obj=tunnels.session err="failed to dial ngrok server with address \"connect.ngrok-agent.com:443\": dial tcp: lookup connect.ngrok-agent.com: i/o timeout"
t=2026-06-30T02:10:31+0800 lvl=eror msg="failed to reconnect session" obj=tunnels.session err="failed to dial ngrok server with address \"connect.ngrok-agent.com:443\": dial tcp: lookup connect.ngrok-agent.com: no such host"
t=2026-06-30T02:11:01+0800 lvl=eror msg="failed to reconnect session" obj=tunnels.session err="failed to dial ngrok server with address \"connect.ngrok-agent.com:443\": dial tcp: lookup connect.ngrok-agent.com: no such host"
t=2026-06-30T02:11:31+0800 lvl=eror msg="failed to reconnect session" obj=tunnels.session err="failed to dial ngrok server with address \"connect.ngrok-agent.com:443\": dial tcp: lookup connect.ngrok-agent.com: no such host"
t=2026-06-30T02:12:01+0800 lvl=eror msg="failed to reconnect session" obj=tunnels.session err="failed to dial ngrok server with address \"connect.ngrok-agent.com:443\": dial tcp: lookup connect.ngrok-agent.com: no such host"
t=2026-06-30T02:12:31+0800 lvl=eror msg="failed to reconnect session" obj=tunnels.session err="failed to dial ngrok server with address \"connect.ngrok-agent.com:443\": dial tcp: lookup connect.ngrok-agent.com: no such host"
t=2026-06-30T02:13:01+0800 lvl=eror msg="failed to reconnect session" obj=tunnels.session err="failed to dial ngrok server with address \"connect.ngrok-agent.com:443\": dial tcp: lookup connect.ngrok-agent.com: no such host"
t=2026-06-30T02:13:41+0800 lvl=eror msg="failed to reconnect session" obj=tunnels.session err="failed to dial ngrok server with address \"connect.ngrok-agent.com:443\": dial tcp: lookup connect.ngrok-agent.com: i/o timeout"
t=2026-06-30T02:14:21+0800 lvl=eror msg="failed to reconnect session" obj=tunnels.session err="failed to dial ngrok server with address \"connect.ngrok-agent.com:443\": dial tcp: lookup connect.ngrok-agent.com: i/o timeout"
t=2026-06-30T02:14:51+0800 lvl=eror msg="failed to reconnect session" obj=tunnels.session err="failed to dial ngrok server with address \"connect.ngrok-agent.com:443\": dial tcp: lookup connect.ngrok-agent.com: no such host"
t=2026-06-30T02:15:31+0800 lvl=eror msg="failed to reconnect session" obj=tunnels.session err="failed to dial ngrok server with address \"connect.ngrok-agent.com:443\": dial tcp: lookup connect.ngrok-agent.com: i/o timeout"
t=2026-06-30T02:16:01+0800 lvl=eror msg="failed to reconnect session" obj=tunnels.session err="failed to dial ngrok server with address \"connect.ngrok-agent.com:443\": dial tcp: lookup connect.ngrok-agent.com: no such host"
t=2026-06-30T02:16:41+0800 lvl=eror msg="failed to reconnect session" obj=tunnels.session err="failed to dial ngrok server with address \"connect.ngrok-agent.com:443\": dial tcp: lookup connect.ngrok-agent.com: i/o timeout"
t=2026-06-30T02:17:11+0800 lvl=eror msg="failed to reconnect session" obj=tunnels.session err="failed to dial ngrok server with address \"connect.ngrok-agent.com:443\": dial tcp: lookup connect.ngrok-agent.com: no such host"
t=2026-06-30T02:17:41+0800 lvl=eror msg="failed to reconnect session" obj=tunnels.session err="failed to dial ngrok server with address \"connect.ngrok-agent.com:443\": dial tcp: lookup connect.ngrok-agent.com: no such host"
t=2026-06-30T02:18:21+0800 lvl=eror msg="failed to reconnect session" obj=tunnels.session err="failed to dial ngrok server with address \"connect.ngrok-agent.com:443\": dial tcp: lookup connect.ngrok-agent.com: i/o timeout"
t=2026-06-30T02:19:01+0800 lvl=eror msg="failed to reconnect session" obj=tunnels.session err="failed to dial ngrok server with address \"connect.ngrok-agent.com:443\": dial tcp: lookup connect.ngrok-agent.com: i/o timeout"
t=2026-06-30T02:19:31+0800 lvl=eror msg="failed to reconnect session" obj=tunnels.session err="failed to dial ngrok server with address \"connect.ngrok-agent.com:443\": dial tcp: lookup connect.ngrok-agent.com: no such host"
t=2026-06-30T02:20:01+0800 lvl=eror msg="failed to reconnect session" obj=tunnels.session err="failed to dial ngrok server with address \"connect.ngrok-agent.com:443\": dial tcp: lookup connect.ngrok-agent.com: no such host"
t=2026-06-30T02:20:41+0800 lvl=eror msg="failed to reconnect session" obj=tunnels.session err="failed to dial ngrok server with address \"connect.ngrok-agent.com:443\": dial tcp: lookup connect.ngrok-agent.com: i/o timeout"
t=2026-06-30T02:21:11+0800 lvl=eror msg="failed to reconnect session" obj=tunnels.session err="failed to dial ngrok server with address \"connect.ngrok-agent.com:443\": dial tcp: lookup connect.ngrok-agent.com: no such host"
t=2026-06-30T02:21:41+0800 lvl=eror msg="failed to reconnect session" obj=tunnels.session err="failed to dial ngrok server with address \"connect.ngrok-agent.com:443\": dial tcp: lookup connect.ngrok-agent.com: no such host"
t=2026-06-30T02:22:21+0800 lvl=eror msg="failed to reconnect session" obj=tunnels.session err="failed to dial ngrok server with address \"connect.ngrok-agent.com:443\": dial tcp: lookup connect.ngrok-agent.com: i/o timeout"
t=2026-06-30T02:22:51+0800 lvl=eror msg="failed to reconnect session" obj=tunnels.session err="failed to dial ngrok server with address \"connect.ngrok-agent.com:443\": dial tcp: lookup connect.ngrok-agent.com: no such host"
t=2026-06-30T02:23:31+0800 lvl=eror msg="failed to reconnect session" obj=tunnels.session err="failed to dial ngrok server with address \"connect.ngrok-agent.com:443\": dial tcp: lookup connect.ngrok-agent.com: i/o timeout"
t=2026-06-30T02:24:01+0800 lvl=eror msg="failed to reconnect session" obj=tunnels.session err="failed to dial ngrok server with address \"connect.ngrok-agent.com:443\": dial tcp: lookup connect.ngrok-agent.com: no such host"
t=2026-06-30T02:24:31+0800 lvl=eror msg="failed to reconnect session" obj=tunnels.session err="failed to dial ngrok server with address \"connect.ngrok-agent.com:443\": dial tcp: lookup connect.ngrok-agent.com: no such host"
t=2026-06-30T02:25:01+0800 lvl=eror msg="failed to reconnect session" obj=tunnels.session err="failed to dial ngrok server with address \"connect.ngrok-agent.com:443\": dial tcp: lookup connect.ngrok-agent.com: no such host"
t=2026-06-30T02:25:41+0800 lvl=eror msg="failed to reconnect session" obj=tunnels.session err="failed to dial ngrok server with address \"connect.ngrok-agent.com:443\": dial tcp: lookup connect.ngrok-agent.com: i/o timeout"
t=2026-06-30T02:26:11+0800 lvl=eror msg="failed to reconnect session" obj=tunnels.session err="failed to dial ngrok server with address \"connect.ngrok-agent.com:443\": dial tcp: lookup connect.ngrok-agent.com: no such host"
t=2026-06-30T02:26:41+0800 lvl=eror msg="failed to reconnect session" obj=tunnels.session err="failed to dial ngrok server with address \"connect.ngrok-agent.com:443\": dial tcp: lookup connect.ngrok-agent.com: no such host"
t=2026-06-30T02:27:11+0800 lvl=eror msg="failed to reconnect session" obj=tunnels.session err="failed to dial ngrok server with address \"connect.ngrok-agent.com:443\": dial tcp: lookup connect.ngrok-agent.com: no such host"
t=2026-06-30T02:27:41+0800 lvl=eror msg="failed to reconnect session" obj=tunnels.session err="failed to dial ngrok server with address \"connect.ngrok-agent.com:443\": dial tcp: lookup connect.ngrok-agent.com: no such host"
t=2026-06-30T02:28:11+0800 lvl=eror msg="failed to reconnect session" obj=tunnels.session err="failed to dial ngrok server with address \"connect.ngrok-agent.com:443\": dial tcp: lookup connect.ngrok-agent.com: no such host"
t=2026-06-30T02:28:41+0800 lvl=eror msg="failed to reconnect session" obj=tunnels.session err="failed to dial ngrok server with address \"connect.ngrok-agent.com:443\": dial tcp: lookup connect.ngrok-agent.com: no such host"
t=2026-06-30T02:29:21+0800 lvl=eror msg="failed to reconnect session" obj=tunnels.session err="failed to dial ngrok server with address \"connect.ngrok-agent.com:443\": dial tcp: lookup connect.ngrok-agent.com: i/o timeout"
t=2026-06-30T02:30:01+0800 lvl=eror msg="failed to reconnect session" obj=tunnels.session err="failed to dial ngrok server with address \"connect.ngrok-agent.com:443\": dial tcp: lookup connect.ngrok-agent.com: i/o timeout"
t=2026-06-30T02:30:41+0800 lvl=eror msg="failed to reconnect session" obj=tunnels.session err="failed to dial ngrok server with address \"connect.ngrok-agent.com:443\": dial tcp: lookup connect.ngrok-agent.com: i/o timeout"
t=2026-06-30T02:31:21+0800 lvl=eror msg="failed to reconnect session" obj=tunnels.session err="failed to dial ngrok server with address \"connect.ngrok-agent.com:443\": dial tcp: lookup connect.ngrok-agent.com: i/o timeout"
t=2026-06-30T02:31:51+0800 lvl=eror msg="failed to reconnect session" obj=tunnels.session err="failed to dial ngrok server with address \"connect.ngrok-agent.com:443\": dial tcp: lookup connect.ngrok-agent.com: no such host"
t=2026-06-30T02:32:31+0800 lvl=eror msg="failed to reconnect session" obj=tunnels.session err="failed to dial ngrok server with address \"connect.ngrok-agent.com:443\": dial tcp: lookup connect.ngrok-agent.com: i/o timeout"
t=2026-06-30T02:33:01+0800 lvl=eror msg="failed to reconnect session" obj=tunnels.session err="failed to dial ngrok server with address \"connect.ngrok-agent.com:443\": dial tcp: lookup connect.ngrok-agent.com: no such host"
t=2026-06-30T02:33:41+0800 lvl=eror msg="failed to reconnect session" obj=tunnels.session err="failed to dial ngrok server with address \"connect.ngrok-agent.com:443\": dial tcp: lookup connect.ngrok-agent.com: i/o timeout"
t=2026-06-30T02:34:11+0800 lvl=eror msg="failed to reconnect session" obj=tunnels.session err="failed to dial ngrok server with address \"connect.ngrok-agent.com:443\": dial tcp: lookup connect.ngrok-agent.com: no such host"
t=2026-06-30T02:34:51+0800 lvl=eror msg="failed to reconnect session" obj=tunnels.session err="failed to dial ngrok server with address \"connect.ngrok-agent.com:443\": dial tcp: lookup connect.ngrok-agent.com: i/o timeout"
t=2026-06-30T02:35:21+0800 lvl=eror msg="failed to reconnect session" obj=tunnels.session err="failed to dial ngrok server with address \"connect.ngrok-agent.com:443\": dial tcp: lookup connect.ngrok-agent.com: no such host"
t=2026-06-30T02:36:01+0800 lvl=eror msg="failed to reconnect session" obj=tunnels.session err="failed to dial ngrok server with address \"connect.ngrok-agent.com:443\": dial tcp: lookup connect.ngrok-agent.com: i/o timeout"
t=2026-06-30T02:36:31+0800 lvl=eror msg="failed to reconnect session" obj=tunnels.session err="failed to dial ngrok server with address \"connect.ngrok-agent.com:443\": dial tcp: lookup connect.ngrok-agent.com: no such host"
t=2026-06-30T02:37:01+0800 lvl=eror msg="failed to reconnect session" obj=tunnels.session err="failed to dial ngrok server with address \"connect.ngrok-agent.com:443\": dial tcp: lookup connect.ngrok-agent.com: no such host"
t=2026-06-30T02:37:41+0800 lvl=eror msg="failed to reconnect session" obj=tunnels.session err="failed to dial ngrok server with address \"connect.ngrok-agent.com:443\": dial tcp: lookup connect.ngrok-agent.com: i/o timeout"
t=2026-06-30T02:38:11+0800 lvl=eror msg="failed to reconnect session" obj=tunnels.session err="failed to dial ngrok server with address \"connect.ngrok-agent.com:443\": dial tcp: lookup connect.ngrok-agent.com: no such host"
t=2026-06-30T02:38:51+0800 lvl=eror msg="failed to reconnect session" obj=tunnels.session err="failed to dial ngrok server with address \"connect.ngrok-agent.com:443\": dial tcp: lookup connect.ngrok-agent.com: i/o timeout"
t=2026-06-30T02:39:21+0800 lvl=eror msg="failed to reconnect session" obj=tunnels.session err="failed to dial ngrok server with address \"connect.ngrok-agent.com:443\": dial tcp: lookup connect.ngrok-agent.com: no such host"
t=2026-06-30T02:39:51+0800 lvl=eror msg="failed to reconnect session" obj=tunnels.session err="failed to dial ngrok server with address \"connect.ngrok-agent.com:443\": dial tcp: lookup connect.ngrok-agent.com: no such host"
t=2026-06-30T02:40:21+0800 lvl=eror msg="failed to reconnect session" obj=tunnels.session err="failed to dial ngrok server with address \"connect.ngrok-agent.com:443\": dial tcp: lookup connect.ngrok-agent.com: no such host"
t=2026-06-30T02:40:51+0800 lvl=eror msg="failed to reconnect session" obj=tunnels.session err="failed to dial ngrok server with address \"connect.ngrok-agent.com:443\": dial tcp: lookup connect.ngrok-agent.com: no such host"
t=2026-06-30T02:41:31+0800 lvl=eror msg="failed to reconnect session" obj=tunnels.session err="failed to dial ngrok server with address \"connect.ngrok-agent.com:443\": dial tcp: lookup connect.ngrok-agent.com: i/o timeout"
t=2026-06-30T02:42:01+0800 lvl=eror msg="failed to reconnect session" obj=tunnels.session err="failed to dial ngrok server with address \"connect.ngrok-agent.com:443\": dial tcp: lookup connect.ngrok-agent.com: no such host"
t=2026-06-30T02:42:31+0800 lvl=eror msg="failed to reconnect session" obj=tunnels.session err="failed to dial ngrok server with address \"connect.ngrok-agent.com:443\": dial tcp: lookup connect.ngrok-agent.com: no such host"
t=2026-06-30T02:43:11+0800 lvl=eror msg="failed to reconnect session" obj=tunnels.session err="failed to dial ngrok server with address \"connect.ngrok-agent.com:443\": dial tcp: lookup connect.ngrok-agent.com: i/o timeout"
t=2026-06-30T02:43:41+0800 lvl=eror msg="failed to reconnect session" obj=tunnels.session err="failed to dial ngrok server with address \"connect.ngrok-agent.com:443\": dial tcp: lookup connect.ngrok-agent.com: no such host"
t=2026-06-30T02:44:11+0800 lvl=eror msg="failed to reconnect session" obj=tunnels.session err="failed to dial ngrok server with address \"connect.ngrok-agent.com:443\": dial tcp: lookup connect.ngrok-agent.com: no such host"
t=2026-06-30T02:44:41+0800 lvl=eror msg="failed to reconnect session" obj=tunnels.session err="failed to dial ngrok server with address \"connect.ngrok-agent.com:443\": dial tcp: lookup connect.ngrok-agent.com: no such host"
t=2026-06-30T02:45:12+0800 lvl=eror msg="failed to reconnect session" obj=tunnels.session err="failed to dial ngrok server with address \"connect.ngrok-agent.com:443\": dial tcp: lookup connect.ngrok-agent.com: no such host"
t=2026-06-30T02:45:42+0800 lvl=eror msg="failed to reconnect session" obj=tunnels.session err="failed to dial ngrok server with address \"connect.ngrok-agent.com:443\": dial tcp: lookup connect.ngrok-agent.com: no such host"
t=2026-06-30T02:46:12+0800 lvl=eror msg="failed to reconnect session" obj=tunnels.session err="failed to dial ngrok server with address \"connect.ngrok-agent.com:443\": dial tcp: lookup connect.ngrok-agent.com: no such host"
t=2026-06-30T02:46:52+0800 lvl=eror msg="failed to reconnect session" obj=tunnels.session err="failed to dial ngrok server with address \"connect.ngrok-agent.com:443\": dial tcp: lookup connect.ngrok-agent.com: i/o timeout"
t=2026-06-30T02:47:32+0800 lvl=eror msg="failed to reconnect session" obj=tunnels.session err="failed to dial ngrok server with address \"connect.ngrok-agent.com:443\": dial tcp: lookup connect.ngrok-agent.com: i/o timeout"
t=2026-06-30T02:48:02+0800 lvl=eror msg="failed to reconnect session" obj=tunnels.session err="failed to dial ngrok server with address \"connect.ngrok-agent.com:443\": dial tcp: lookup connect.ngrok-agent.com: no such host"
t=2026-06-30T02:48:32+0800 lvl=eror msg="failed to reconnect session" obj=tunnels.session err="failed to dial ngrok server with address \"connect.ngrok-agent.com:443\": dial tcp: lookup connect.ngrok-agent.com: no such host"
t=2026-06-30T02:49:02+0800 lvl=eror msg="failed to reconnect session" obj=tunnels.session err="failed to dial ngrok server with address \"connect.ngrok-agent.com:443\": dial tcp: lookup connect.ngrok-agent.com: no such host"
t=2026-06-30T02:49:42+0800 lvl=eror msg="failed to reconnect session" obj=tunnels.session err="failed to dial ngrok server with address \"connect.ngrok-agent.com:443\": dial tcp: lookup connect.ngrok-agent.com: i/o timeout"
t=2026-06-30T02:50:22+0800 lvl=eror msg="failed to reconnect session" obj=tunnels.session err="failed to dial ngrok server with address \"connect.ngrok-agent.com:443\": dial tcp: lookup connect.ngrok-agent.com: i/o timeout"
t=2026-06-30T02:51:02+0800 lvl=eror msg="failed to reconnect session" obj=tunnels.session err="failed to dial ngrok server with address \"connect.ngrok-agent.com:443\": dial tcp: lookup connect.ngrok-agent.com: i/o timeout"
t=2026-06-30T02:51:32+0800 lvl=eror msg="failed to reconnect session" obj=tunnels.session err="failed to dial ngrok server with address \"connect.ngrok-agent.com:443\": dial tcp: lookup connect.ngrok-agent.com: no such host"
t=2026-06-30T02:52:02+0800 lvl=eror msg="failed to reconnect session" obj=tunnels.session err="failed to dial ngrok server with address \"connect.ngrok-agent.com:443\": dial tcp: lookup connect.ngrok-agent.com: no such host"
t=2026-06-30T02:52:42+0800 lvl=eror msg="failed to reconnect session" obj=tunnels.session err="failed to dial ngrok server with address \"connect.ngrok-agent.com:443\": dial tcp: lookup connect.ngrok-agent.com: i/o timeout"
t=2026-06-30T02:53:12+0800 lvl=eror msg="failed to reconnect session" obj=tunnels.session err="failed to dial ngrok server with address \"connect.ngrok-agent.com:443\": dial tcp: lookup connect.ngrok-agent.com: no such host"
t=2026-06-30T02:53:42+0800 lvl=eror msg="failed to reconnect session" obj=tunnels.session err="failed to dial ngrok server with address \"connect.ngrok-agent.com:443\": dial tcp: lookup connect.ngrok-agent.com: no such host"
t=2026-06-30T02:54:12+0800 lvl=eror msg="failed to reconnect session" obj=tunnels.session err="failed to dial ngrok server with address \"connect.ngrok-agent.com:443\": dial tcp: lookup connect.ngrok-agent.com: no such host"
t=2026-06-30T02:54:42+0800 lvl=eror msg="failed to reconnect session" obj=tunnels.session err="failed to dial ngrok server with address \"connect.ngrok-agent.com:443\": dial tcp: lookup connect.ngrok-agent.com: no such host"
t=2026-06-30T02:55:22+0800 lvl=eror msg="failed to reconnect session" obj=tunnels.session err="failed to dial ngrok server with address \"connect.ngrok-agent.com:443\": dial tcp: lookup connect.ngrok-agent.com: i/o timeout"
t=2026-06-30T02:55:52+0800 lvl=eror msg="failed to reconnect session" obj=tunnels.session err="failed to dial ngrok server with address \"connect.ngrok-agent.com:443\": dial tcp: lookup connect.ngrok-agent.com: no such host"
t=2026-06-30T02:56:22+0800 lvl=eror msg="failed to reconnect session" obj=tunnels.session err="failed to dial ngrok server with address \"connect.ngrok-agent.com:443\": dial tcp: lookup connect.ngrok-agent.com: no such host"
t=2026-06-30T02:56:52+0800 lvl=eror msg="failed to reconnect session" obj=tunnels.session err="failed to dial ngrok server with address \"connect.ngrok-agent.com:443\": dial tcp: lookup connect.ngrok-agent.com: no such host"
t=2026-06-30T02:57:22+0800 lvl=eror msg="failed to reconnect session" obj=tunnels.session err="failed to dial ngrok server with address \"connect.ngrok-agent.com:443\": dial tcp: lookup connect.ngrok-agent.com: no such host"
t=2026-06-30T02:58:02+0800 lvl=eror msg="failed to reconnect session" obj=tunnels.session err="failed to dial ngrok server with address \"connect.ngrok-agent.com:443\": dial tcp: lookup connect.ngrok-agent.com: i/o timeout"
t=2026-06-30T02:58:32+0800 lvl=eror msg="failed to reconnect session" obj=tunnels.session err="failed to dial ngrok server with address \"connect.ngrok-agent.com:443\": dial tcp: lookup connect.ngrok-agent.com: no such host"
t=2026-06-30T02:59:02+0800 lvl=eror msg="failed to reconnect session" obj=tunnels.session err="failed to dial ngrok server with address \"connect.ngrok-agent.com:443\": dial tcp: lookup connect.ngrok-agent.com: no such host"
t=2026-06-30T02:59:32+0800 lvl=eror msg="failed to reconnect session" obj=tunnels.session err="failed to dial ngrok server with address \"connect.ngrok-agent.com:443\": dial tcp: lookup connect.ngrok-agent.com: no such host"
t=2026-06-30T03:00:12+0800 lvl=eror msg="failed to reconnect session" obj=tunnels.session err="failed to dial ngrok server with address \"connect.ngrok-agent.com:443\": dial tcp: lookup connect.ngrok-agent.com: i/o timeout"
t=2026-06-30T03:00:42+0800 lvl=eror msg="failed to reconnect session" obj=tunnels.session err="failed to dial ngrok server with address \"connect.ngrok-agent.com:443\": dial tcp: lookup connect.ngrok-agent.com: no such host"
t=2026-06-30T03:01:12+0800 lvl=eror msg="failed to reconnect session" obj=tunnels.session err="failed to dial ngrok server with address \"connect.ngrok-agent.com:443\": dial tcp: lookup connect.ngrok-agent.com: no such host"
t=2026-06-30T03:01:42+0800 lvl=eror msg="failed to reconnect session" obj=tunnels.session err="failed to dial ngrok server with address \"connect.ngrok-agent.com:443\": dial tcp: lookup connect.ngrok-agent.com: no such host"
t=2026-06-30T03:02:22+0800 lvl=eror msg="failed to reconnect session" obj=tunnels.session err="failed to dial ngrok server with address \"connect.ngrok-agent.com:443\": dial tcp: lookup connect.ngrok-agent.com: i/o timeout"
t=2026-06-30T03:03:02+0800 lvl=eror msg="failed to reconnect session" obj=tunnels.session err="failed to dial ngrok server with address \"connect.ngrok-agent.com:443\": dial tcp: lookup connect.ngrok-agent.com: i/o timeout"
t=2026-06-30T03:03:32+0800 lvl=eror msg="failed to reconnect session" obj=tunnels.session err="failed to dial ngrok server with address \"connect.ngrok-agent.com:443\": dial tcp: lookup connect.ngrok-agent.com: no such host"
t=2026-06-30T03:04:12+0800 lvl=eror msg="failed to reconnect session" obj=tunnels.session err="failed to dial ngrok server with address \"connect.ngrok-agent.com:443\": dial tcp: lookup connect.ngrok-agent.com: i/o timeout"
t=2026-06-30T03:04:42+0800 lvl=eror msg="failed to reconnect session" obj=tunnels.session err="failed to dial ngrok server with address \"connect.ngrok-agent.com:443\": dial tcp: lookup connect.ngrok-agent.com: no such host"
t=2026-06-30T03:05:22+0800 lvl=eror msg="failed to reconnect session" obj=tunnels.session err="failed to dial ngrok server with address \"connect.ngrok-agent.com:443\": dial tcp: lookup connect.ngrok-agent.com: i/o timeout"
t=2026-06-30T03:05:52+0800 lvl=eror msg="failed to reconnect session" obj=tunnels.session err="failed to dial ngrok server with address \"connect.ngrok-agent.com:443\": dial tcp: lookup connect.ngrok-agent.com: no such host"
t=2026-06-30T03:06:32+0800 lvl=eror msg="failed to reconnect session" obj=tunnels.session err="failed to dial ngrok server with address \"connect.ngrok-agent.com:443\": dial tcp: lookup connect.ngrok-agent.com: i/o timeout"
t=2026-06-30T03:07:02+0800 lvl=eror msg="failed to reconnect session" obj=tunnels.session err="failed to dial ngrok server with address \"connect.ngrok-agent.com:443\": dial tcp: lookup connect.ngrok-agent.com: no such host"
t=2026-06-30T03:07:32+0800 lvl=eror msg="failed to reconnect session" obj=tunnels.session err="failed to dial ngrok server with address \"connect.ngrok-agent.com:443\": dial tcp: lookup connect.ngrok-agent.com: no such host"
t=2026-06-30T03:08:02+0800 lvl=eror msg="failed to reconnect session" obj=tunnels.session err="failed to dial ngrok server with address \"connect.ngrok-agent.com:443\": dial tcp: lookup connect.ngrok-agent.com: no such host"
t=2026-06-30T03:08:32+0800 lvl=eror msg="failed to reconnect session" obj=tunnels.session err="failed to dial ngrok server with address \"connect.ngrok-agent.com:443\": dial tcp: lookup connect.ngrok-agent.com: no such host"
t=2026-06-30T03:09:02+0800 lvl=eror msg="failed to reconnect session" obj=tunnels.session err="failed to dial ngrok server with address \"connect.ngrok-agent.com:443\": dial tcp: lookup connect.ngrok-agent.com: no such host"
t=2026-06-30T03:09:42+0800 lvl=eror msg="failed to reconnect session" obj=tunnels.session err="failed to dial ngrok server with address \"connect.ngrok-agent.com:443\": dial tcp: lookup connect.ngrok-agent.com: i/o timeout"
t=2026-06-30T03:10:22+0800 lvl=eror msg="failed to reconnect session" obj=tunnels.session err="failed to dial ngrok server with address \"connect.ngrok-agent.com:443\": dial tcp: lookup connect.ngrok-agent.com: i/o timeout"
t=2026-06-30T03:10:52+0800 lvl=eror msg="failed to reconnect session" obj=tunnels.session err="failed to dial ngrok server with address \"connect.ngrok-agent.com:443\": dial tcp: lookup connect.ngrok-agent.com: no such host"
t=2026-06-30T03:11:22+0800 lvl=eror msg="failed to reconnect session" obj=tunnels.session err="failed to dial ngrok server with address \"connect.ngrok-agent.com:443\": dial tcp: lookup connect.ngrok-agent.com: no such host"
t=2026-06-30T03:12:02+0800 lvl=eror msg="failed to reconnect session" obj=tunnels.session err="failed to dial ngrok server with address \"connect.ngrok-agent.com:443\": dial tcp: lookup connect.ngrok-agent.com: i/o timeout"
t=2026-06-30T03:12:32+0800 lvl=eror msg="failed to reconnect session" obj=tunnels.session err="failed to dial ngrok server with address \"connect.ngrok-agent.com:443\": dial tcp: lookup connect.ngrok-agent.com: no such host"
t=2026-06-30T03:13:12+0800 lvl=eror msg="failed to reconnect session" obj=tunnels.session err="failed to dial ngrok server with address \"connect.ngrok-agent.com:443\": dial tcp: lookup connect.ngrok-agent.com: i/o timeout"
t=2026-06-30T03:13:42+0800 lvl=eror msg="failed to reconnect session" obj=tunnels.session err="failed to dial ngrok server with address \"connect.ngrok-agent.com:443\": dial tcp: lookup connect.ngrok-agent.com: no such host"
t=2026-06-30T03:14:12+0800 lvl=eror msg="failed to reconnect session" obj=tunnels.session err="failed to dial ngrok server with address \"connect.ngrok-agent.com:443\": dial tcp: lookup connect.ngrok-agent.com: no such host"
t=2026-06-30T03:14:42+0800 lvl=eror msg="failed to reconnect session" obj=tunnels.session err="failed to dial ngrok server with address \"connect.ngrok-agent.com:443\": dial tcp: lookup connect.ngrok-agent.com: no such host"
t=2026-06-30T03:15:12+0800 lvl=eror msg="failed to reconnect session" obj=tunnels.session err="failed to dial ngrok server with address \"connect.ngrok-agent.com:443\": dial tcp: lookup connect.ngrok-agent.com: no such host"
t=2026-06-30T03:15:52+0800 lvl=eror msg="failed to reconnect session" obj=tunnels.session err="failed to dial ngrok server with address \"connect.ngrok-agent.com:443\": dial tcp: lookup connect.ngrok-agent.com: i/o timeout"
t=2026-06-30T03:16:22+0800 lvl=eror msg="failed to reconnect session" obj=tunnels.session err="failed to dial ngrok server with address \"connect.ngrok-agent.com:443\": dial tcp: lookup connect.ngrok-agent.com: no such host"
t=2026-06-30T03:17:02+0800 lvl=eror msg="failed to reconnect session" obj=tunnels.session err="failed to dial ngrok server with address \"connect.ngrok-agent.com:443\": dial tcp: lookup connect.ngrok-agent.com: i/o timeout"
t=2026-06-30T03:17:32+0800 lvl=eror msg="failed to reconnect session" obj=tunnels.session err="failed to dial ngrok server with address \"connect.ngrok-agent.com:443\": dial tcp: lookup connect.ngrok-agent.com: no such host"
t=2026-06-30T03:18:02+0800 lvl=eror msg="failed to reconnect session" obj=tunnels.session err="failed to dial ngrok server with address \"connect.ngrok-agent.com:443\": dial tcp: lookup connect.ngrok-agent.com: no such host"
t=2026-06-30T03:18:32+0800 lvl=eror msg="failed to reconnect session" obj=tunnels.session err="failed to dial ngrok server with address \"connect.ngrok-agent.com:443\": dial tcp: lookup connect.ngrok-agent.com: no such host"
t=2026-06-30T03:19:02+0800 lvl=eror msg="failed to reconnect session" obj=tunnels.session err="failed to dial ngrok server with address \"connect.ngrok-agent.com:443\": dial tcp: lookup connect.ngrok-agent.com: no such host"
t=2026-06-30T03:19:32+0800 lvl=eror msg="failed to reconnect session" obj=tunnels.session err="failed to dial ngrok server with address \"connect.ngrok-agent.com:443\": dial tcp: lookup connect.ngrok-agent.com: no such host"
t=2026-06-30T03:20:02+0800 lvl=eror msg="failed to reconnect session" obj=tunnels.session err="failed to dial ngrok server with address \"connect.ngrok-agent.com:443\": dial tcp: lookup connect.ngrok-agent.com: no such host"
t=2026-06-30T03:20:32+0800 lvl=eror msg="failed to reconnect session" obj=tunnels.session err="failed to dial ngrok server with address \"connect.ngrok-agent.com:443\": dial tcp: lookup connect.ngrok-agent.com: no such host"
t=2026-06-30T03:21:12+0800 lvl=eror msg="failed to reconnect session" obj=tunnels.session err="failed to dial ngrok server with address \"connect.ngrok-agent.com:443\": dial tcp: lookup connect.ngrok-agent.com: i/o timeout"
t=2026-06-30T03:21:42+0800 lvl=eror msg="failed to reconnect session" obj=tunnels.session err="failed to dial ngrok server with address \"connect.ngrok-agent.com:443\": dial tcp: lookup connect.ngrok-agent.com: no such host"
t=2026-06-30T03:22:12+0800 lvl=eror msg="failed to reconnect session" obj=tunnels.session err="failed to dial ngrok server with address \"connect.ngrok-agent.com:443\": dial tcp: lookup connect.ngrok-agent.com: no such host"
t=2026-06-30T03:22:42+0800 lvl=eror msg="failed to reconnect session" obj=tunnels.session err="failed to dial ngrok server with address \"connect.ngrok-agent.com:443\": dial tcp: lookup connect.ngrok-agent.com: no such host"
t=2026-06-30T03:23:22+0800 lvl=eror msg="failed to reconnect session" obj=tunnels.session err="failed to dial ngrok server with address \"connect.ngrok-agent.com:443\": dial tcp: lookup connect.ngrok-agent.com: i/o timeout"
t=2026-06-30T03:23:52+0800 lvl=eror msg="failed to reconnect session" obj=tunnels.session err="failed to dial ngrok server with address \"connect.ngrok-agent.com:443\": dial tcp: lookup connect.ngrok-agent.com: no such host"
t=2026-06-30T03:24:22+0800 lvl=eror msg="failed to reconnect session" obj=tunnels.session err="failed to dial ngrok server with address \"connect.ngrok-agent.com:443\": dial tcp: lookup connect.ngrok-agent.com: no such host"
t=2026-06-30T03:24:52+0800 lvl=eror msg="failed to reconnect session" obj=tunnels.session err="failed to dial ngrok server with address \"connect.ngrok-agent.com:443\": dial tcp: lookup connect.ngrok-agent.com: no such host"
t=2026-06-30T03:25:32+0800 lvl=eror msg="failed to reconnect session" obj=tunnels.session err="failed to dial ngrok server with address \"connect.ngrok-agent.com:443\": dial tcp: lookup connect.ngrok-agent.com: i/o timeout"
t=2026-06-30T03:26:12+0800 lvl=eror msg="failed to reconnect session" obj=tunnels.session err="failed to dial ngrok server with address \"connect.ngrok-agent.com:443\": dial tcp: lookup connect.ngrok-agent.com: i/o timeout"
t=2026-06-30T03:26:42+0800 lvl=eror msg="failed to reconnect session" obj=tunnels.session err="failed to dial ngrok server with address \"connect.ngrok-agent.com:443\": dial tcp: lookup connect.ngrok-agent.com: no such host"
t=2026-06-30T03:27:22+0800 lvl=eror msg="failed to reconnect session" obj=tunnels.session err="failed to dial ngrok server with address \"connect.ngrok-agent.com:443\": dial tcp: lookup connect.ngrok-agent.com: i/o timeout"
t=2026-06-30T03:27:52+0800 lvl=eror msg="failed to reconnect session" obj=tunnels.session err="failed to dial ngrok server with address \"connect.ngrok-agent.com:443\": dial tcp: lookup connect.ngrok-agent.com: no such host"
t=2026-06-30T03:28:32+0800 lvl=eror msg="failed to reconnect session" obj=tunnels.session err="failed to dial ngrok server with address \"connect.ngrok-agent.com:443\": dial tcp: lookup connect.ngrok-agent.com: i/o timeout"
t=2026-06-30T03:29:02+0800 lvl=eror msg="failed to reconnect session" obj=tunnels.session err="failed to dial ngrok server with address \"connect.ngrok-agent.com:443\": dial tcp: lookup connect.ngrok-agent.com: no such host"
t=2026-06-30T03:29:32+0800 lvl=eror msg="failed to reconnect session" obj=tunnels.session err="failed to dial ngrok server with address \"connect.ngrok-agent.com:443\": dial tcp: lookup connect.ngrok-agent.com: no such host"
t=2026-06-30T03:30:12+0800 lvl=eror msg="failed to reconnect session" obj=tunnels.session err="failed to dial ngrok server with address \"connect.ngrok-agent.com:443\": dial tcp: lookup connect.ngrok-agent.com: i/o timeout"
t=2026-06-30T03:30:42+0800 lvl=eror msg="failed to reconnect session" obj=tunnels.session err="failed to dial ngrok server with address \"connect.ngrok-agent.com:443\": dial tcp: lookup connect.ngrok-agent.com: no such host"
t=2026-06-30T03:31:22+0800 lvl=eror msg="failed to reconnect session" obj=tunnels.session err="failed to dial ngrok server with address \"connect.ngrok-agent.com:443\": dial tcp: lookup connect.ngrok-agent.com: i/o timeout"
t=2026-06-30T03:31:52+0800 lvl=eror msg="failed to reconnect session" obj=tunnels.session err="failed to dial ngrok server with address \"connect.ngrok-agent.com:443\": dial tcp: lookup connect.ngrok-agent.com: no such host"
t=2026-06-30T03:32:22+0800 lvl=eror msg="failed to reconnect session" obj=tunnels.session err="failed to dial ngrok server with address \"connect.ngrok-agent.com:443\": dial tcp: lookup connect.ngrok-agent.com: no such host"
t=2026-06-30T03:32:52+0800 lvl=eror msg="failed to reconnect session" obj=tunnels.session err="failed to dial ngrok server with address \"connect.ngrok-agent.com:443\": dial tcp: lookup connect.ngrok-agent.com: no such host"
t=2026-06-30T03:33:22+0800 lvl=eror msg="failed to reconnect session" obj=tunnels.session err="failed to dial ngrok server with address \"connect.ngrok-agent.com:443\": dial tcp: lookup connect.ngrok-agent.com: no such host"
t=2026-06-30T03:34:02+0800 lvl=eror msg="failed to reconnect session" obj=tunnels.session err="failed to dial ngrok server with address \"connect.ngrok-agent.com:443\": dial tcp: lookup connect.ngrok-agent.com: i/o timeout"
t=2026-06-30T03:34:32+0800 lvl=eror msg="failed to reconnect session" obj=tunnels.session err="failed to dial ngrok server with address \"connect.ngrok-agent.com:443\": dial tcp: lookup connect.ngrok-agent.com: no such host"
t=2026-06-30T03:35:12+0800 lvl=eror msg="failed to reconnect session" obj=tunnels.session err="failed to dial ngrok server with address \"connect.ngrok-agent.com:443\": dial tcp: lookup connect.ngrok-agent.com: i/o timeout"
t=2026-06-30T03:35:52+0800 lvl=eror msg="failed to reconnect session" obj=tunnels.session err="failed to dial ngrok server with address \"connect.ngrok-agent.com:443\": dial tcp: lookup connect.ngrok-agent.com: i/o timeout"
t=2026-06-30T03:36:22+0800 lvl=eror msg="failed to reconnect session" obj=tunnels.session err="failed to dial ngrok server with address \"connect.ngrok-agent.com:443\": dial tcp: lookup connect.ngrok-agent.com: no such host"
t=2026-06-30T03:37:02+0800 lvl=eror msg="failed to reconnect session" obj=tunnels.session err="failed to dial ngrok server with address \"connect.ngrok-agent.com:443\": dial tcp: lookup connect.ngrok-agent.com: i/o timeout"
t=2026-06-30T03:37:32+0800 lvl=eror msg="failed to reconnect session" obj=tunnels.session err="failed to dial ngrok server with address \"connect.ngrok-agent.com:443\": dial tcp: lookup connect.ngrok-agent.com: no such host"
t=2026-06-30T03:38:12+0800 lvl=eror msg="failed to reconnect session" obj=tunnels.session err="failed to dial ngrok server with address \"connect.ngrok-agent.com:443\": dial tcp: lookup connect.ngrok-agent.com: i/o timeout"
t=2026-06-30T03:38:42+0800 lvl=eror msg="failed to reconnect session" obj=tunnels.session err="failed to dial ngrok server with address \"connect.ngrok-agent.com:443\": dial tcp: lookup connect.ngrok-agent.com: no such host"
t=2026-06-30T03:39:22+0800 lvl=eror msg="failed to reconnect session" obj=tunnels.session err="failed to dial ngrok server with address \"connect.ngrok-agent.com:443\": dial tcp: lookup connect.ngrok-agent.com: i/o timeout"
t=2026-06-30T03:39:52+0800 lvl=eror msg="failed to reconnect session" obj=tunnels.session err="failed to dial ngrok server with address \"connect.ngrok-agent.com:443\": dial tcp: lookup connect.ngrok-agent.com: no such host"
t=2026-06-30T03:40:22+0800 lvl=eror msg="failed to reconnect session" obj=tunnels.session err="failed to dial ngrok server with address \"connect.ngrok-agent.com:443\": dial tcp: lookup connect.ngrok-agent.com: no such host"
t=2026-06-30T03:40:52+0800 lvl=eror msg="failed to reconnect session" obj=tunnels.session err="failed to dial ngrok server with address \"connect.ngrok-agent.com:443\": dial tcp: lookup connect.ngrok-agent.com: no such host"
t=2026-06-30T03:41:22+0800 lvl=eror msg="failed to reconnect session" obj=tunnels.session err="failed to dial ngrok server with address \"connect.ngrok-agent.com:443\": dial tcp: lookup connect.ngrok-agent.com: no such host"
t=2026-06-30T03:41:52+0800 lvl=eror msg="failed to reconnect session" obj=tunnels.session err="failed to dial ngrok server with address \"connect.ngrok-agent.com:443\": dial tcp: lookup connect.ngrok-agent.com: no such host"
t=2026-06-30T03:42:22+0800 lvl=eror msg="failed to reconnect session" obj=tunnels.session err="failed to dial ngrok server with address \"connect.ngrok-agent.com:443\": dial tcp: lookup connect.ngrok-agent.com: no such host"
t=2026-06-30T03:43:02+0800 lvl=eror msg="failed to reconnect session" obj=tunnels.session err="failed to dial ngrok server with address \"connect.ngrok-agent.com:443\": dial tcp: lookup connect.ngrok-agent.com: i/o timeout"
t=2026-06-30T03:43:32+0800 lvl=eror msg="failed to reconnect session" obj=tunnels.session err="failed to dial ngrok server with address \"connect.ngrok-agent.com:443\": dial tcp: lookup connect.ngrok-agent.com: no such host"
t=2026-06-30T03:44:02+0800 lvl=eror msg="failed to reconnect session" obj=tunnels.session err="failed to dial ngrok server with address \"connect.ngrok-agent.com:443\": dial tcp: lookup connect.ngrok-agent.com: no such host"
t=2026-06-30T03:44:32+0800 lvl=eror msg="failed to reconnect session" obj=tunnels.session err="failed to dial ngrok server with address \"connect.ngrok-agent.com:443\": dial tcp: lookup connect.ngrok-agent.com: no such host"
t=2026-06-30T03:45:12+0800 lvl=eror msg="failed to reconnect session" obj=tunnels.session err="failed to dial ngrok server with address \"connect.ngrok-agent.com:443\": dial tcp: lookup connect.ngrok-agent.com: i/o timeout"
t=2026-06-30T03:45:42+0800 lvl=eror msg="failed to reconnect session" obj=tunnels.session err="failed to dial ngrok server with address \"connect.ngrok-agent.com:443\": dial tcp: lookup connect.ngrok-agent.com: no such host"
t=2026-06-30T03:46:22+0800 lvl=eror msg="failed to reconnect session" obj=tunnels.session err="failed to dial ngrok server with address \"connect.ngrok-agent.com:443\": dial tcp: lookup connect.ngrok-agent.com: i/o timeout"
t=2026-06-30T03:46:52+0800 lvl=eror msg="failed to reconnect session" obj=tunnels.session err="failed to dial ngrok server with address \"connect.ngrok-agent.com:443\": dial tcp: lookup connect.ngrok-agent.com: no such host"
t=2026-06-30T03:47:32+0800 lvl=eror msg="failed to reconnect session" obj=tunnels.session err="failed to dial ngrok server with address \"connect.ngrok-agent.com:443\": dial tcp: lookup connect.ngrok-agent.com: i/o timeout"
t=2026-06-30T03:48:12+0800 lvl=eror msg="failed to reconnect session" obj=tunnels.session err="failed to dial ngrok server with address \"connect.ngrok-agent.com:443\": dial tcp: lookup connect.ngrok-agent.com: i/o timeout"
t=2026-06-30T03:48:42+0800 lvl=eror msg="failed to reconnect session" obj=tunnels.session err="failed to dial ngrok server with address \"connect.ngrok-agent.com:443\": dial tcp: lookup connect.ngrok-agent.com: no such host"
t=2026-06-30T03:49:22+0800 lvl=eror msg="failed to reconnect session" obj=tunnels.session err="failed to dial ngrok server with address \"connect.ngrok-agent.com:443\": dial tcp: lookup connect.ngrok-agent.com: i/o timeout"
t=2026-06-30T03:49:52+0800 lvl=eror msg="failed to reconnect session" obj=tunnels.session err="failed to dial ngrok server with address \"connect.ngrok-agent.com:443\": dial tcp: lookup connect.ngrok-agent.com: no such host"
t=2026-06-30T03:50:32+0800 lvl=eror msg="failed to reconnect session" obj=tunnels.session err="failed to dial ngrok server with address \"connect.ngrok-agent.com:443\": dial tcp: lookup connect.ngrok-agent.com: i/o timeout"
t=2026-06-30T03:51:02+0800 lvl=eror msg="failed to reconnect session" obj=tunnels.session err="failed to dial ngrok server with address \"connect.ngrok-agent.com:443\": dial tcp: lookup connect.ngrok-agent.com: no such host"
t=2026-06-30T03:51:42+0800 lvl=eror msg="failed to reconnect session" obj=tunnels.session err="failed to dial ngrok server with address \"connect.ngrok-agent.com:443\": dial tcp: lookup connect.ngrok-agent.com: i/o timeout"
t=2026-06-30T03:52:12+0800 lvl=eror msg="failed to reconnect session" obj=tunnels.session err="failed to dial ngrok server with address \"connect.ngrok-agent.com:443\": dial tcp: lookup connect.ngrok-agent.com: no such host"
t=2026-06-30T03:52:42+0800 lvl=eror msg="failed to reconnect session" obj=tunnels.session err="failed to dial ngrok server with address \"connect.ngrok-agent.com:443\": dial tcp: lookup connect.ngrok-agent.com: no such host"
t=2026-06-30T03:53:22+0800 lvl=eror msg="failed to reconnect session" obj=tunnels.session err="failed to dial ngrok server with address \"connect.ngrok-agent.com:443\": dial tcp: lookup connect.ngrok-agent.com: i/o timeout"
t=2026-06-30T03:53:52+0800 lvl=eror msg="failed to reconnect session" obj=tunnels.session err="failed to dial ngrok server with address \"connect.ngrok-agent.com:443\": dial tcp: lookup connect.ngrok-agent.com: no such host"
t=2026-06-30T03:54:22+0800 lvl=eror msg="failed to reconnect session" obj=tunnels.session err="failed to dial ngrok server with address \"connect.ngrok-agent.com:443\": dial tcp: lookup connect.ngrok-agent.com: no such host"
t=2026-06-30T03:55:02+0800 lvl=eror msg="failed to reconnect session" obj=tunnels.session err="failed to dial ngrok server with address \"connect.ngrok-agent.com:443\": dial tcp: lookup connect.ngrok-agent.com: i/o timeout"
t=2026-06-30T03:55:32+0800 lvl=eror msg="failed to reconnect session" obj=tunnels.session err="failed to dial ngrok server with address \"connect.ngrok-agent.com:443\": dial tcp: lookup connect.ngrok-agent.com: no such host"
t=2026-06-30T03:56:02+0800 lvl=eror msg="failed to reconnect session" obj=tunnels.session err="failed to dial ngrok server with address \"connect.ngrok-agent.com:443\": dial tcp: lookup connect.ngrok-agent.com: no such host"
t=2026-06-30T03:56:42+0800 lvl=eror msg="failed to reconnect session" obj=tunnels.session err="failed to dial ngrok server with address \"connect.ngrok-agent.com:443\": dial tcp: lookup connect.ngrok-agent.com: i/o timeout"
t=2026-06-30T03:57:12+0800 lvl=eror msg="failed to reconnect session" obj=tunnels.session err="failed to dial ngrok server with address \"connect.ngrok-agent.com:443\": dial tcp: lookup connect.ngrok-agent.com: no such host"
t=2026-06-30T03:57:42+0800 lvl=eror msg="failed to reconnect session" obj=tunnels.session err="failed to dial ngrok server with address \"connect.ngrok-agent.com:443\": dial tcp: lookup connect.ngrok-agent.com: no such host"
t=2026-06-30T03:58:22+0800 lvl=eror msg="failed to reconnect session" obj=tunnels.session err="failed to dial ngrok server with address \"connect.ngrok-agent.com:443\": dial tcp: lookup connect.ngrok-agent.com: i/o timeout"
t=2026-06-30T03:59:03+0800 lvl=eror msg="failed to reconnect session" obj=tunnels.session err="failed to dial ngrok server with address \"connect.ngrok-agent.com:443\": dial tcp: lookup connect.ngrok-agent.com: i/o timeout"
t=2026-06-30T03:59:43+0800 lvl=eror msg="failed to reconnect session" obj=tunnels.session err="failed to dial ngrok server with address \"connect.ngrok-agent.com:443\": dial tcp: lookup connect.ngrok-agent.com: i/o timeout"
t=2026-06-30T04:00:23+0800 lvl=eror msg="failed to reconnect session" obj=tunnels.session err="failed to dial ngrok server with address \"connect.ngrok-agent.com:443\": dial tcp: lookup connect.ngrok-agent.com: i/o timeout"
t=2026-06-30T04:00:53+0800 lvl=eror msg="failed to reconnect session" obj=tunnels.session err="failed to dial ngrok server with address \"connect.ngrok-agent.com:443\": dial tcp: lookup connect.ngrok-agent.com: no such host"
t=2026-06-30T04:01:23+0800 lvl=eror msg="failed to reconnect session" obj=tunnels.session err="failed to dial ngrok server with address \"connect.ngrok-agent.com:443\": dial tcp: lookup connect.ngrok-agent.com: no such host"
t=2026-06-30T04:02:03+0800 lvl=eror msg="failed to reconnect session" obj=tunnels.session err="failed to dial ngrok server with address \"connect.ngrok-agent.com:443\": dial tcp: lookup connect.ngrok-agent.com: i/o timeout"
t=2026-06-30T04:02:33+0800 lvl=eror msg="failed to reconnect session" obj=tunnels.session err="failed to dial ngrok server with address \"connect.ngrok-agent.com:443\": dial tcp: lookup connect.ngrok-agent.com: no such host"
t=2026-06-30T04:03:13+0800 lvl=eror msg="failed to reconnect session" obj=tunnels.session err="failed to dial ngrok server with address \"connect.ngrok-agent.com:443\": dial tcp: lookup connect.ngrok-agent.com: i/o timeout"
t=2026-06-30T04:03:43+0800 lvl=eror msg="failed to reconnect session" obj=tunnels.session err="failed to dial ngrok server with address \"connect.ngrok-agent.com:443\": dial tcp: lookup connect.ngrok-agent.com: no such host"
t=2026-06-30T04:04:23+0800 lvl=eror msg="failed to reconnect session" obj=tunnels.session err="failed to dial ngrok server with address \"connect.ngrok-agent.com:443\": dial tcp: lookup connect.ngrok-agent.com: i/o timeout"
t=2026-06-30T04:05:03+0800 lvl=eror msg="failed to reconnect session" obj=tunnels.session err="failed to dial ngrok server with address \"connect.ngrok-agent.com:443\": dial tcp: lookup connect.ngrok-agent.com: i/o timeout"
t=2026-06-30T04:05:43+0800 lvl=eror msg="failed to reconnect session" obj=tunnels.session err="failed to dial ngrok server with address \"connect.ngrok-agent.com:443\": dial tcp: lookup connect.ngrok-agent.com: i/o timeout"
t=2026-06-30T04:06:13+0800 lvl=eror msg="failed to reconnect session" obj=tunnels.session err="failed to dial ngrok server with address \"connect.ngrok-agent.com:443\": dial tcp: lookup connect.ngrok-agent.com: no such host"
t=2026-06-30T04:06:43+0800 lvl=eror msg="failed to reconnect session" obj=tunnels.session err="failed to dial ngrok server with address \"connect.ngrok-agent.com:443\": dial tcp: lookup connect.ngrok-agent.com: no such host"
t=2026-06-30T04:07:13+0800 lvl=eror msg="failed to reconnect session" obj=tunnels.session err="failed to dial ngrok server with address \"connect.ngrok-agent.com:443\": dial tcp: lookup connect.ngrok-agent.com: no such host"
t=2026-06-30T04:07:53+0800 lvl=eror msg="failed to reconnect session" obj=tunnels.session err="failed to dial ngrok server with address \"connect.ngrok-agent.com:443\": dial tcp: lookup connect.ngrok-agent.com: i/o timeout"
t=2026-06-30T04:08:23+0800 lvl=eror msg="failed to reconnect session" obj=tunnels.session err="failed to dial ngrok server with address \"connect.ngrok-agent.com:443\": dial tcp: lookup connect.ngrok-agent.com: no such host"
t=2026-06-30T04:08:53+0800 lvl=eror msg="failed to reconnect session" obj=tunnels.session err="failed to dial ngrok server with address \"connect.ngrok-agent.com:443\": dial tcp: lookup connect.ngrok-agent.com: no such host"
t=2026-06-30T04:09:23+0800 lvl=eror msg="failed to reconnect session" obj=tunnels.session err="failed to dial ngrok server with address \"connect.ngrok-agent.com:443\": dial tcp: lookup connect.ngrok-agent.com: no such host"
t=2026-06-30T04:09:53+0800 lvl=eror msg="failed to reconnect session" obj=tunnels.session err="failed to dial ngrok server with address \"connect.ngrok-agent.com:443\": dial tcp: lookup connect.ngrok-agent.com: no such host"
t=2026-06-30T04:10:23+0800 lvl=eror msg="failed to reconnect session" obj=tunnels.session err="failed to dial ngrok server with address \"connect.ngrok-agent.com:443\": dial tcp: lookup connect.ngrok-agent.com: no such host"
t=2026-06-30T04:11:03+0800 lvl=eror msg="failed to reconnect session" obj=tunnels.session err="failed to dial ngrok server with address \"connect.ngrok-agent.com:443\": dial tcp: lookup connect.ngrok-agent.com: i/o timeout"
t=2026-06-30T04:11:33+0800 lvl=eror msg="failed to reconnect session" obj=tunnels.session err="failed to dial ngrok server with address \"connect.ngrok-agent.com:443\": dial tcp: lookup connect.ngrok-agent.com: no such host"
t=2026-06-30T04:12:13+0800 lvl=eror msg="failed to reconnect session" obj=tunnels.session err="failed to dial ngrok server with address \"connect.ngrok-agent.com:443\": dial tcp: lookup connect.ngrok-agent.com: i/o timeout"
t=2026-06-30T04:12:43+0800 lvl=eror msg="failed to reconnect session" obj=tunnels.session err="failed to dial ngrok server with address \"connect.ngrok-agent.com:443\": dial tcp: lookup connect.ngrok-agent.com: no such host"
t=2026-06-30T04:13:13+0800 lvl=eror msg="failed to reconnect session" obj=tunnels.session err="failed to dial ngrok server with address \"connect.ngrok-agent.com:443\": dial tcp: lookup connect.ngrok-agent.com: no such host"
t=2026-06-30T04:13:53+0800 lvl=eror msg="failed to reconnect session" obj=tunnels.session err="failed to dial ngrok server with address \"connect.ngrok-agent.com:443\": dial tcp: lookup connect.ngrok-agent.com: i/o timeout"
t=2026-06-30T04:14:23+0800 lvl=eror msg="failed to reconnect session" obj=tunnels.session err="failed to dial ngrok server with address \"connect.ngrok-agent.com:443\": dial tcp: lookup connect.ngrok-agent.com: no such host"
t=2026-06-30T04:14:53+0800 lvl=eror msg="failed to reconnect session" obj=tunnels.session err="failed to dial ngrok server with address \"connect.ngrok-agent.com:443\": dial tcp: lookup connect.ngrok-agent.com: no such host"
t=2026-06-30T04:15:33+0800 lvl=eror msg="failed to reconnect session" obj=tunnels.session err="failed to dial ngrok server with address \"connect.ngrok-agent.com:443\": dial tcp: lookup connect.ngrok-agent.com: i/o timeout"
t=2026-06-30T04:16:03+0800 lvl=eror msg="failed to reconnect session" obj=tunnels.session err="failed to dial ngrok server with address \"connect.ngrok-agent.com:443\": dial tcp: lookup connect.ngrok-agent.com: no such host"
t=2026-06-30T04:16:43+0800 lvl=eror msg="failed to reconnect session" obj=tunnels.session err="failed to dial ngrok server with address \"connect.ngrok-agent.com:443\": dial tcp: lookup connect.ngrok-agent.com: i/o timeout"
t=2026-06-30T04:17:23+0800 lvl=eror msg="failed to reconnect session" obj=tunnels.session err="failed to dial ngrok server with address \"connect.ngrok-agent.com:443\": dial tcp: lookup connect.ngrok-agent.com: i/o timeout"
t=2026-06-30T04:17:53+0800 lvl=eror msg="failed to reconnect session" obj=tunnels.session err="failed to dial ngrok server with address \"connect.ngrok-agent.com:443\": dial tcp: lookup connect.ngrok-agent.com: no such host"
t=2026-06-30T04:18:33+0800 lvl=eror msg="failed to reconnect session" obj=tunnels.session err="failed to dial ngrok server with address \"connect.ngrok-agent.com:443\": dial tcp: lookup connect.ngrok-agent.com: i/o timeout"
t=2026-06-30T04:19:03+0800 lvl=eror msg="failed to reconnect session" obj=tunnels.session err="failed to dial ngrok server with address \"connect.ngrok-agent.com:443\": dial tcp: lookup connect.ngrok-agent.com: no such host"
t=2026-06-30T04:19:33+0800 lvl=eror msg="failed to reconnect session" obj=tunnels.session err="failed to dial ngrok server with address \"connect.ngrok-agent.com:443\": dial tcp: lookup connect.ngrok-agent.com: no such host"
t=2026-06-30T04:20:03+0800 lvl=eror msg="failed to reconnect session" obj=tunnels.session err="failed to dial ngrok server with address \"connect.ngrok-agent.com:443\": dial tcp: lookup connect.ngrok-agent.com: no such host"
t=2026-06-30T04:20:33+0800 lvl=eror msg="failed to reconnect session" obj=tunnels.session err="failed to dial ngrok server with address \"connect.ngrok-agent.com:443\": dial tcp: lookup connect.ngrok-agent.com: no such host"
t=2026-06-30T04:21:03+0800 lvl=eror msg="failed to reconnect session" obj=tunnels.session err="failed to dial ngrok server with address \"connect.ngrok-agent.com:443\": dial tcp: lookup connect.ngrok-agent.com: no such host"
t=2026-06-30T04:21:33+0800 lvl=eror msg="failed to reconnect session" obj=tunnels.session err="failed to dial ngrok server with address \"connect.ngrok-agent.com:443\": dial tcp: lookup connect.ngrok-agent.com: no such host"
t=2026-06-30T04:22:13+0800 lvl=eror msg="failed to reconnect session" obj=tunnels.session err="failed to dial ngrok server with address \"connect.ngrok-agent.com:443\": dial tcp: lookup connect.ngrok-agent.com: i/o timeout"
t=2026-06-30T04:22:43+0800 lvl=eror msg="failed to reconnect session" obj=tunnels.session err="failed to dial ngrok server with address \"connect.ngrok-agent.com:443\": dial tcp: lookup connect.ngrok-agent.com: no such host"
t=2026-06-30T04:23:13+0800 lvl=eror msg="failed to reconnect session" obj=tunnels.session err="failed to dial ngrok server with address \"connect.ngrok-agent.com:443\": dial tcp: lookup connect.ngrok-agent.com: no such host"
t=2026-06-30T04:23:53+0800 lvl=eror msg="failed to reconnect session" obj=tunnels.session err="failed to dial ngrok server with address \"connect.ngrok-agent.com:443\": dial tcp: lookup connect.ngrok-agent.com: i/o timeout"
t=2026-06-30T04:24:23+0800 lvl=eror msg="failed to reconnect session" obj=tunnels.session err="failed to dial ngrok server with address \"connect.ngrok-agent.com:443\": dial tcp: lookup connect.ngrok-agent.com: no such host"
t=2026-06-30T04:25:03+0800 lvl=eror msg="failed to reconnect session" obj=tunnels.session err="failed to dial ngrok server with address \"connect.ngrok-agent.com:443\": dial tcp: lookup connect.ngrok-agent.com: i/o timeout"
t=2026-06-30T04:25:33+0800 lvl=eror msg="failed to reconnect session" obj=tunnels.session err="failed to dial ngrok server with address \"connect.ngrok-agent.com:443\": dial tcp: lookup connect.ngrok-agent.com: no such host"
t=2026-06-30T04:26:03+0800 lvl=eror msg="failed to reconnect session" obj=tunnels.session err="failed to dial ngrok server with address \"connect.ngrok-agent.com:443\": dial tcp: lookup connect.ngrok-agent.com: no such host"
t=2026-06-30T04:26:43+0800 lvl=eror msg="failed to reconnect session" obj=tunnels.session err="failed to dial ngrok server with address \"connect.ngrok-agent.com:443\": dial tcp: lookup connect.ngrok-agent.com: i/o timeout"
t=2026-06-30T04:27:13+0800 lvl=eror msg="failed to reconnect session" obj=tunnels.session err="failed to dial ngrok server with address \"connect.ngrok-agent.com:443\": dial tcp: lookup connect.ngrok-agent.com: no such host"
t=2026-06-30T04:27:53+0800 lvl=eror msg="failed to reconnect session" obj=tunnels.session err="failed to dial ngrok server with address \"connect.ngrok-agent.com:443\": dial tcp: lookup connect.ngrok-agent.com: i/o timeout"
t=2026-06-30T04:28:33+0800 lvl=eror msg="failed to reconnect session" obj=tunnels.session err="failed to dial ngrok server with address \"connect.ngrok-agent.com:443\": dial tcp: lookup connect.ngrok-agent.com: i/o timeout"
t=2026-06-30T04:29:03+0800 lvl=eror msg="failed to reconnect session" obj=tunnels.session err="failed to dial ngrok server with address \"connect.ngrok-agent.com:443\": dial tcp: lookup connect.ngrok-agent.com: no such host"
t=2026-06-30T04:29:33+0800 lvl=eror msg="failed to reconnect session" obj=tunnels.session err="failed to dial ngrok server with address \"connect.ngrok-agent.com:443\": dial tcp: lookup connect.ngrok-agent.com: no such host"
t=2026-06-30T04:30:03+0800 lvl=eror msg="failed to reconnect session" obj=tunnels.session err="failed to dial ngrok server with address \"connect.ngrok-agent.com:443\": dial tcp: lookup connect.ngrok-agent.com: no such host"
t=2026-06-30T04:30:43+0800 lvl=eror msg="failed to reconnect session" obj=tunnels.session err="failed to dial ngrok server with address \"connect.ngrok-agent.com:443\": dial tcp: lookup connect.ngrok-agent.com: i/o timeout"
t=2026-06-30T04:31:23+0800 lvl=eror msg="failed to reconnect session" obj=tunnels.session err="failed to dial ngrok server with address \"connect.ngrok-agent.com:443\": dial tcp: lookup connect.ngrok-agent.com: i/o timeout"
t=2026-06-30T04:31:53+0800 lvl=eror msg="failed to reconnect session" obj=tunnels.session err="failed to dial ngrok server with address \"connect.ngrok-agent.com:443\": dial tcp: lookup connect.ngrok-agent.com: no such host"
t=2026-06-30T04:32:23+0800 lvl=eror msg="failed to reconnect session" obj=tunnels.session err="failed to dial ngrok server with address \"connect.ngrok-agent.com:443\": dial tcp: lookup connect.ngrok-agent.com: no such host"
t=2026-06-30T04:32:53+0800 lvl=eror msg="failed to reconnect session" obj=tunnels.session err="failed to dial ngrok server with address \"connect.ngrok-agent.com:443\": dial tcp: lookup connect.ngrok-agent.com: no such host"
t=2026-06-30T04:33:23+0800 lvl=eror msg="failed to reconnect session" obj=tunnels.session err="failed to dial ngrok server with address \"connect.ngrok-agent.com:443\": dial tcp: lookup connect.ngrok-agent.com: no such host"
t=2026-06-30T04:33:53+0800 lvl=eror msg="failed to reconnect session" obj=tunnels.session err="failed to dial ngrok server with address \"connect.ngrok-agent.com:443\": dial tcp: lookup connect.ngrok-agent.com: no such host"
t=2026-06-30T04:34:23+0800 lvl=eror msg="failed to reconnect session" obj=tunnels.session err="failed to dial ngrok server with address \"connect.ngrok-agent.com:443\": dial tcp: lookup connect.ngrok-agent.com: no such host"
t=2026-06-30T04:34:53+0800 lvl=eror msg="failed to reconnect session" obj=tunnels.session err="failed to dial ngrok server with address \"connect.ngrok-agent.com:443\": dial tcp: lookup connect.ngrok-agent.com: no such host"
t=2026-06-30T04:35:23+0800 lvl=eror msg="failed to reconnect session" obj=tunnels.session err="failed to dial ngrok server with address \"connect.ngrok-agent.com:443\": dial tcp: lookup connect.ngrok-agent.com: no such host"
t=2026-06-30T04:36:03+0800 lvl=eror msg="failed to reconnect session" obj=tunnels.session err="failed to dial ngrok server with address \"connect.ngrok-agent.com:443\": dial tcp: lookup connect.ngrok-agent.com: i/o timeout"
t=2026-06-30T04:36:33+0800 lvl=eror msg="failed to reconnect session" obj=tunnels.session err="failed to dial ngrok server with address \"connect.ngrok-agent.com:443\": dial tcp: lookup connect.ngrok-agent.com: no such host"
t=2026-06-30T04:37:03+0800 lvl=eror msg="failed to reconnect session" obj=tunnels.session err="failed to dial ngrok server with address \"connect.ngrok-agent.com:443\": dial tcp: lookup connect.ngrok-agent.com: no such host"
t=2026-06-30T04:37:33+0800 lvl=eror msg="failed to reconnect session" obj=tunnels.session err="failed to dial ngrok server with address \"connect.ngrok-agent.com:443\": dial tcp: lookup connect.ngrok-agent.com: no such host"
t=2026-06-30T04:38:03+0800 lvl=eror msg="failed to reconnect session" obj=tunnels.session err="failed to dial ngrok server with address \"connect.ngrok-agent.com:443\": dial tcp: lookup connect.ngrok-agent.com: no such host"
t=2026-06-30T04:38:43+0800 lvl=eror msg="failed to reconnect session" obj=tunnels.session err="failed to dial ngrok server with address \"connect.ngrok-agent.com:443\": dial tcp: lookup connect.ngrok-agent.com: i/o timeout"
t=2026-06-30T04:39:13+0800 lvl=eror msg="failed to reconnect session" obj=tunnels.session err="failed to dial ngrok server with address \"connect.ngrok-agent.com:443\": dial tcp: lookup connect.ngrok-agent.com: no such host"
t=2026-06-30T04:39:53+0800 lvl=eror msg="failed to reconnect session" obj=tunnels.session err="failed to dial ngrok server with address \"connect.ngrok-agent.com:443\": dial tcp: lookup connect.ngrok-agent.com: i/o timeout"
t=2026-06-30T04:40:23+0800 lvl=eror msg="failed to reconnect session" obj=tunnels.session err="failed to dial ngrok server with address \"connect.ngrok-agent.com:443\": dial tcp: lookup connect.ngrok-agent.com: no such host"
t=2026-06-30T04:40:53+0800 lvl=eror msg="failed to reconnect session" obj=tunnels.session err="failed to dial ngrok server with address \"connect.ngrok-agent.com:443\": dial tcp: lookup connect.ngrok-agent.com: no such host"
t=2026-06-30T04:41:23+0800 lvl=eror msg="failed to reconnect session" obj=tunnels.session err="failed to dial ngrok server with address \"connect.ngrok-agent.com:443\": dial tcp: lookup connect.ngrok-agent.com: no such host"
t=2026-06-30T04:41:53+0800 lvl=eror msg="failed to reconnect session" obj=tunnels.session err="failed to dial ngrok server with address \"connect.ngrok-agent.com:443\": dial tcp: lookup connect.ngrok-agent.com: no such host"
t=2026-06-30T04:42:23+0800 lvl=eror msg="failed to reconnect session" obj=tunnels.session err="failed to dial ngrok server with address \"connect.ngrok-agent.com:443\": dial tcp: lookup connect.ngrok-agent.com: no such host"
t=2026-06-30T04:43:03+0800 lvl=eror msg="failed to reconnect session" obj=tunnels.session err="failed to dial ngrok server with address \"connect.ngrok-agent.com:443\": dial tcp: lookup connect.ngrok-agent.com: i/o timeout"
t=2026-06-30T04:43:33+0800 lvl=eror msg="failed to reconnect session" obj=tunnels.session err="failed to dial ngrok server with address \"connect.ngrok-agent.com:443\": dial tcp: lookup connect.ngrok-agent.com: no such host"
t=2026-06-30T04:44:03+0800 lvl=eror msg="failed to reconnect session" obj=tunnels.session err="failed to dial ngrok server with address \"connect.ngrok-agent.com:443\": dial tcp: lookup connect.ngrok-agent.com: no such host"
t=2026-06-30T04:44:33+0800 lvl=eror msg="failed to reconnect session" obj=tunnels.session err="failed to dial ngrok server with address \"connect.ngrok-agent.com:443\": dial tcp: lookup connect.ngrok-agent.com: no such host"
t=2026-06-30T04:45:03+0800 lvl=eror msg="failed to reconnect session" obj=tunnels.session err="failed to dial ngrok server with address \"connect.ngrok-agent.com:443\": dial tcp: lookup connect.ngrok-agent.com: no such host"
t=2026-06-30T04:45:43+0800 lvl=eror msg="failed to reconnect session" obj=tunnels.session err="failed to dial ngrok server with address \"connect.ngrok-agent.com:443\": dial tcp: lookup connect.ngrok-agent.com: i/o timeout"
t=2026-06-30T04:46:13+0800 lvl=eror msg="failed to reconnect session" obj=tunnels.session err="failed to dial ngrok server with address \"connect.ngrok-agent.com:443\": dial tcp: lookup connect.ngrok-agent.com: no such host"
t=2026-06-30T04:46:43+0800 lvl=eror msg="failed to reconnect session" obj=tunnels.session err="failed to dial ngrok server with address \"connect.ngrok-agent.com:443\": dial tcp: lookup connect.ngrok-agent.com: no such host"
t=2026-06-30T04:47:23+0800 lvl=eror msg="failed to reconnect session" obj=tunnels.session err="failed to dial ngrok server with address \"connect.ngrok-agent.com:443\": dial tcp: lookup connect.ngrok-agent.com: i/o timeout"
t=2026-06-30T04:47:53+0800 lvl=eror msg="failed to reconnect session" obj=tunnels.session err="failed to dial ngrok server with address \"connect.ngrok-agent.com:443\": dial tcp: lookup connect.ngrok-agent.com: no such host"
t=2026-06-30T04:48:23+0800 lvl=eror msg="failed to reconnect session" obj=tunnels.session err="failed to dial ngrok server with address \"connect.ngrok-agent.com:443\": dial tcp: lookup connect.ngrok-agent.com: no such host"
t=2026-06-30T04:48:53+0800 lvl=eror msg="failed to reconnect session" obj=tunnels.session err="failed to dial ngrok server with address \"connect.ngrok-agent.com:443\": dial tcp: lookup connect.ngrok-agent.com: no such host"
t=2026-06-30T04:49:33+0800 lvl=eror msg="failed to reconnect session" obj=tunnels.session err="failed to dial ngrok server with address \"connect.ngrok-agent.com:443\": dial tcp: lookup connect.ngrok-agent.com: i/o timeout"
t=2026-06-30T04:50:03+0800 lvl=eror msg="failed to reconnect session" obj=tunnels.session err="failed to dial ngrok server with address \"connect.ngrok-agent.com:443\": dial tcp: lookup connect.ngrok-agent.com: no such host"
t=2026-06-30T04:50:33+0800 lvl=eror msg="failed to reconnect session" obj=tunnels.session err="failed to dial ngrok server with address \"connect.ngrok-agent.com:443\": dial tcp: lookup connect.ngrok-agent.com: no such host"
t=2026-06-30T04:51:13+0800 lvl=eror msg="failed to reconnect session" obj=tunnels.session err="failed to dial ngrok server with address \"connect.ngrok-agent.com:443\": dial tcp: lookup connect.ngrok-agent.com: i/o timeout"
t=2026-06-30T04:51:53+0800 lvl=eror msg="failed to reconnect session" obj=tunnels.session err="failed to dial ngrok server with address \"connect.ngrok-agent.com:443\": dial tcp: lookup connect.ngrok-agent.com: i/o timeout"
t=2026-06-30T04:52:23+0800 lvl=eror msg="failed to reconnect session" obj=tunnels.session err="failed to dial ngrok server with address \"connect.ngrok-agent.com:443\": dial tcp: lookup connect.ngrok-agent.com: no such host"
t=2026-06-30T04:53:03+0800 lvl=eror msg="failed to reconnect session" obj=tunnels.session err="failed to dial ngrok server with address \"connect.ngrok-agent.com:443\": dial tcp: lookup connect.ngrok-agent.com: i/o timeout"
t=2026-06-30T04:53:43+0800 lvl=eror msg="failed to reconnect session" obj=tunnels.session err="failed to dial ngrok server with address \"connect.ngrok-agent.com:443\": dial tcp: lookup connect.ngrok-agent.com: i/o timeout"
t=2026-06-30T04:54:13+0800 lvl=eror msg="failed to reconnect session" obj=tunnels.session err="failed to dial ngrok server with address \"connect.ngrok-agent.com:443\": dial tcp: lookup connect.ngrok-agent.com: no such host"
t=2026-06-30T04:54:43+0800 lvl=eror msg="failed to reconnect session" obj=tunnels.session err="failed to dial ngrok server with address \"connect.ngrok-agent.com:443\": dial tcp: lookup connect.ngrok-agent.com: no such host"
t=2026-06-30T04:55:23+0800 lvl=eror msg="failed to reconnect session" obj=tunnels.session err="failed to dial ngrok server with address \"connect.ngrok-agent.com:443\": dial tcp: lookup connect.ngrok-agent.com: i/o timeout"
t=2026-06-30T04:55:53+0800 lvl=eror msg="failed to reconnect session" obj=tunnels.session err="failed to dial ngrok server with address \"connect.ngrok-agent.com:443\": dial tcp: lookup connect.ngrok-agent.com: no such host"
t=2026-06-30T04:56:33+0800 lvl=eror msg="failed to reconnect session" obj=tunnels.session err="failed to dial ngrok server with address \"connect.ngrok-agent.com:443\": dial tcp: lookup connect.ngrok-agent.com: i/o timeout"
t=2026-06-30T04:57:03+0800 lvl=eror msg="failed to reconnect session" obj=tunnels.session err="failed to dial ngrok server with address \"connect.ngrok-agent.com:443\": dial tcp: lookup connect.ngrok-agent.com: no such host"
t=2026-06-30T04:57:43+0800 lvl=eror msg="failed to reconnect session" obj=tunnels.session err="failed to dial ngrok server with address \"connect.ngrok-agent.com:443\": dial tcp: lookup connect.ngrok-agent.com: i/o timeout"
t=2026-06-30T04:58:13+0800 lvl=eror msg="failed to reconnect session" obj=tunnels.session err="failed to dial ngrok server with address \"connect.ngrok-agent.com:443\": dial tcp: lookup connect.ngrok-agent.com: no such host"
t=2026-06-30T04:58:53+0800 lvl=eror msg="failed to reconnect session" obj=tunnels.session err="failed to dial ngrok server with address \"connect.ngrok-agent.com:443\": dial tcp: lookup connect.ngrok-agent.com: i/o timeout"
t=2026-06-30T04:59:33+0800 lvl=eror msg="failed to reconnect session" obj=tunnels.session err="failed to dial ngrok server with address \"connect.ngrok-agent.com:443\": dial tcp: lookup connect.ngrok-agent.com: i/o timeout"
t=2026-06-30T05:00:13+0800 lvl=eror msg="failed to reconnect session" obj=tunnels.session err="failed to dial ngrok server with address \"connect.ngrok-agent.com:443\": dial tcp: lookup connect.ngrok-agent.com: i/o timeout"
t=2026-06-30T05:00:43+0800 lvl=eror msg="failed to reconnect session" obj=tunnels.session err="failed to dial ngrok server with address \"connect.ngrok-agent.com:443\": dial tcp: lookup connect.ngrok-agent.com: no such host"
t=2026-06-30T05:01:13+0800 lvl=eror msg="failed to reconnect session" obj=tunnels.session err="failed to dial ngrok server with address \"connect.ngrok-agent.com:443\": dial tcp: lookup connect.ngrok-agent.com: no such host"
t=2026-06-30T05:01:43+0800 lvl=eror msg="failed to reconnect session" obj=tunnels.session err="failed to dial ngrok server with address \"connect.ngrok-agent.com:443\": dial tcp: lookup connect.ngrok-agent.com: no such host"
t=2026-06-30T05:02:13+0800 lvl=eror msg="failed to reconnect session" obj=tunnels.session err="failed to dial ngrok server with address \"connect.ngrok-agent.com:443\": dial tcp: lookup connect.ngrok-agent.com: no such host"
t=2026-06-30T05:02:53+0800 lvl=eror msg="failed to reconnect session" obj=tunnels.session err="failed to dial ngrok server with address \"connect.ngrok-agent.com:443\": dial tcp: lookup connect.ngrok-agent.com: i/o timeout"
t=2026-06-30T05:03:23+0800 lvl=eror msg="failed to reconnect session" obj=tunnels.session err="failed to dial ngrok server with address \"connect.ngrok-agent.com:443\": dial tcp: lookup connect.ngrok-agent.com: no such host"
t=2026-06-30T05:04:03+0800 lvl=eror msg="failed to reconnect session" obj=tunnels.session err="failed to dial ngrok server with address \"connect.ngrok-agent.com:443\": dial tcp: lookup connect.ngrok-agent.com: i/o timeout"
t=2026-06-30T05:04:33+0800 lvl=eror msg="failed to reconnect session" obj=tunnels.session err="failed to dial ngrok server with address \"connect.ngrok-agent.com:443\": dial tcp: lookup connect.ngrok-agent.com: no such host"
t=2026-06-30T05:05:03+0800 lvl=eror msg="failed to reconnect session" obj=tunnels.session err="failed to dial ngrok server with address \"connect.ngrok-agent.com:443\": dial tcp: lookup connect.ngrok-agent.com: no such host"
t=2026-06-30T05:05:33+0800 lvl=eror msg="failed to reconnect session" obj=tunnels.session err="failed to dial ngrok server with address \"connect.ngrok-agent.com:443\": dial tcp: lookup connect.ngrok-agent.com: no such host"
t=2026-06-30T05:06:03+0800 lvl=eror msg="failed to reconnect session" obj=tunnels.session err="failed to dial ngrok server with address \"connect.ngrok-agent.com:443\": dial tcp: lookup connect.ngrok-agent.com: no such host"
t=2026-06-30T05:06:33+0800 lvl=eror msg="failed to reconnect session" obj=tunnels.session err="failed to dial ngrok server with address \"connect.ngrok-agent.com:443\": dial tcp: lookup connect.ngrok-agent.com: no such host"
t=2026-06-30T05:07:13+0800 lvl=eror msg="failed to reconnect session" obj=tunnels.session err="failed to dial ngrok server with address \"connect.ngrok-agent.com:443\": dial tcp: lookup connect.ngrok-agent.com: i/o timeout"
t=2026-06-30T05:07:43+0800 lvl=eror msg="failed to reconnect session" obj=tunnels.session err="failed to dial ngrok server with address \"connect.ngrok-agent.com:443\": dial tcp: lookup connect.ngrok-agent.com: no such host"
t=2026-06-30T05:08:13+0800 lvl=eror msg="failed to reconnect session" obj=tunnels.session err="failed to dial ngrok server with address \"connect.ngrok-agent.com:443\": dial tcp: lookup connect.ngrok-agent.com: no such host"
t=2026-06-30T05:08:43+0800 lvl=eror msg="failed to reconnect session" obj=tunnels.session err="failed to dial ngrok server with address \"connect.ngrok-agent.com:443\": dial tcp: lookup connect.ngrok-agent.com: no such host"
t=2026-06-30T05:09:13+0800 lvl=eror msg="failed to reconnect session" obj=tunnels.session err="failed to dial ngrok server with address \"connect.ngrok-agent.com:443\": dial tcp: lookup connect.ngrok-agent.com: no such host"
t=2026-06-30T05:09:43+0800 lvl=eror msg="failed to reconnect session" obj=tunnels.session err="failed to dial ngrok server with address \"connect.ngrok-agent.com:443\": dial tcp: lookup connect.ngrok-agent.com: no such host"
t=2026-06-30T05:10:23+0800 lvl=eror msg="failed to reconnect session" obj=tunnels.session err="failed to dial ngrok server with address \"connect.ngrok-agent.com:443\": dial tcp: lookup connect.ngrok-agent.com: i/o timeout"
t=2026-06-30T05:10:53+0800 lvl=eror msg="failed to reconnect session" obj=tunnels.session err="failed to dial ngrok server with address \"connect.ngrok-agent.com:443\": dial tcp: lookup connect.ngrok-agent.com: no such host"
t=2026-06-30T05:11:23+0800 lvl=eror msg="failed to reconnect session" obj=tunnels.session err="failed to dial ngrok server with address \"connect.ngrok-agent.com:443\": dial tcp: lookup connect.ngrok-agent.com: no such host"
t=2026-06-30T05:11:53+0800 lvl=eror msg="failed to reconnect session" obj=tunnels.session err="failed to dial ngrok server with address \"connect.ngrok-agent.com:443\": dial tcp: lookup connect.ngrok-agent.com: no such host"
t=2026-06-30T05:12:33+0800 lvl=eror msg="failed to reconnect session" obj=tunnels.session err="failed to dial ngrok server with address \"connect.ngrok-agent.com:443\": dial tcp: lookup connect.ngrok-agent.com: i/o timeout"
t=2026-06-30T05:13:03+0800 lvl=eror msg="failed to reconnect session" obj=tunnels.session err="failed to dial ngrok server with address \"connect.ngrok-agent.com:443\": dial tcp: lookup connect.ngrok-agent.com: no such host"
t=2026-06-30T05:13:43+0800 lvl=eror msg="failed to reconnect session" obj=tunnels.session err="failed to dial ngrok server with address \"connect.ngrok-agent.com:443\": dial tcp: lookup connect.ngrok-agent.com: i/o timeout"
t=2026-06-30T05:14:13+0800 lvl=eror msg="failed to reconnect session" obj=tunnels.session err="failed to dial ngrok server with address \"connect.ngrok-agent.com:443\": dial tcp: lookup connect.ngrok-agent.com: no such host"
t=2026-06-30T05:14:53+0800 lvl=eror msg="failed to reconnect session" obj=tunnels.session err="failed to dial ngrok server with address \"connect.ngrok-agent.com:443\": dial tcp: lookup connect.ngrok-agent.com: i/o timeout"
t=2026-06-30T05:15:33+0800 lvl=eror msg="failed to reconnect session" obj=tunnels.session err="failed to dial ngrok server with address \"connect.ngrok-agent.com:443\": dial tcp: lookup connect.ngrok-agent.com: i/o timeout"
t=2026-06-30T05:16:03+0800 lvl=eror msg="failed to reconnect session" obj=tunnels.session err="failed to dial ngrok server with address \"connect.ngrok-agent.com:443\": dial tcp: lookup connect.ngrok-agent.com: no such host"
t=2026-06-30T05:16:33+0800 lvl=eror msg="failed to reconnect session" obj=tunnels.session err="failed to dial ngrok server with address \"connect.ngrok-agent.com:443\": dial tcp: lookup connect.ngrok-agent.com: no such host"
t=2026-06-30T05:17:13+0800 lvl=eror msg="failed to reconnect session" obj=tunnels.session err="failed to dial ngrok server with address \"connect.ngrok-agent.com:443\": dial tcp: lookup connect.ngrok-agent.com: i/o timeout"
t=2026-06-30T05:17:43+0800 lvl=eror msg="failed to reconnect session" obj=tunnels.session err="failed to dial ngrok server with address \"connect.ngrok-agent.com:443\": dial tcp: lookup connect.ngrok-agent.com: no such host"
t=2026-06-30T05:18:23+0800 lvl=eror msg="failed to reconnect session" obj=tunnels.session err="failed to dial ngrok server with address \"connect.ngrok-agent.com:443\": dial tcp: lookup connect.ngrok-agent.com: i/o timeout"
t=2026-06-30T05:19:03+0800 lvl=eror msg="failed to reconnect session" obj=tunnels.session err="failed to dial ngrok server with address \"connect.ngrok-agent.com:443\": dial tcp: lookup connect.ngrok-agent.com: i/o timeout"
t=2026-06-30T05:19:33+0800 lvl=eror msg="failed to reconnect session" obj=tunnels.session err="failed to dial ngrok server with address \"connect.ngrok-agent.com:443\": dial tcp: lookup connect.ngrok-agent.com: no such host"
t=2026-06-30T05:20:03+0800 lvl=eror msg="failed to reconnect session" obj=tunnels.session err="failed to dial ngrok server with address \"connect.ngrok-agent.com:443\": dial tcp: lookup connect.ngrok-agent.com: no such host"
t=2026-06-30T05:20:43+0800 lvl=eror msg="failed to reconnect session" obj=tunnels.session err="failed to dial ngrok server with address \"connect.ngrok-agent.com:443\": dial tcp: lookup connect.ngrok-agent.com: i/o timeout"
t=2026-06-30T05:21:13+0800 lvl=eror msg="failed to reconnect session" obj=tunnels.session err="failed to dial ngrok server with address \"connect.ngrok-agent.com:443\": dial tcp: lookup connect.ngrok-agent.com: no such host"
t=2026-06-30T05:21:43+0800 lvl=eror msg="failed to reconnect session" obj=tunnels.session err="failed to dial ngrok server with address \"connect.ngrok-agent.com:443\": dial tcp: lookup connect.ngrok-agent.com: no such host"
t=2026-06-30T05:22:23+0800 lvl=eror msg="failed to reconnect session" obj=tunnels.session err="failed to dial ngrok server with address \"connect.ngrok-agent.com:443\": dial tcp: lookup connect.ngrok-agent.com: i/o timeout"
t=2026-06-30T05:22:53+0800 lvl=eror msg="failed to reconnect session" obj=tunnels.session err="failed to dial ngrok server with address \"connect.ngrok-agent.com:443\": dial tcp: lookup connect.ngrok-agent.com: no such host"
t=2026-06-30T05:23:33+0800 lvl=eror msg="failed to reconnect session" obj=tunnels.session err="failed to dial ngrok server with address \"connect.ngrok-agent.com:443\": dial tcp: lookup connect.ngrok-agent.com: i/o timeout"
t=2026-06-30T05:24:03+0800 lvl=eror msg="failed to reconnect session" obj=tunnels.session err="failed to dial ngrok server with address \"connect.ngrok-agent.com:443\": dial tcp: lookup connect.ngrok-agent.com: no such host"
t=2026-06-30T05:24:33+0800 lvl=eror msg="failed to reconnect session" obj=tunnels.session err="failed to dial ngrok server with address \"connect.ngrok-agent.com:443\": dial tcp: lookup connect.ngrok-agent.com: no such host"
t=2026-06-30T05:25:03+0800 lvl=eror msg="failed to reconnect session" obj=tunnels.session err="failed to dial ngrok server with address \"connect.ngrok-agent.com:443\": dial tcp: lookup connect.ngrok-agent.com: no such host"
t=2026-06-30T05:25:33+0800 lvl=eror msg="failed to reconnect session" obj=tunnels.session err="failed to dial ngrok server with address \"connect.ngrok-agent.com:443\": dial tcp: lookup connect.ngrok-agent.com: no such host"
t=2026-06-30T05:26:14+0800 lvl=eror msg="failed to reconnect session" obj=tunnels.session err="failed to dial ngrok server with address \"connect.ngrok-agent.com:443\": dial tcp: lookup connect.ngrok-agent.com: i/o timeout"
t=2026-06-30T05:26:54+0800 lvl=eror msg="failed to reconnect session" obj=tunnels.session err="failed to dial ngrok server with address \"connect.ngrok-agent.com:443\": dial tcp: lookup connect.ngrok-agent.com: i/o timeout"
t=2026-06-30T05:27:34+0800 lvl=eror msg="failed to reconnect session" obj=tunnels.session err="failed to dial ngrok server with address \"connect.ngrok-agent.com:443\": dial tcp: lookup connect.ngrok-agent.com: i/o timeout"
t=2026-06-30T05:28:04+0800 lvl=eror msg="failed to reconnect session" obj=tunnels.session err="failed to dial ngrok server with address \"connect.ngrok-agent.com:443\": dial tcp: lookup connect.ngrok-agent.com: no such host"
t=2026-06-30T05:28:34+0800 lvl=eror msg="failed to reconnect session" obj=tunnels.session err="failed to dial ngrok server with address \"connect.ngrok-agent.com:443\": dial tcp: lookup connect.ngrok-agent.com: no such host"
t=2026-06-30T05:29:04+0800 lvl=eror msg="failed to reconnect session" obj=tunnels.session err="failed to dial ngrok server with address \"connect.ngrok-agent.com:443\": dial tcp: lookup connect.ngrok-agent.com: no such host"
t=2026-06-30T05:29:34+0800 lvl=eror msg="failed to reconnect session" obj=tunnels.session err="failed to dial ngrok server with address \"connect.ngrok-agent.com:443\": dial tcp: lookup connect.ngrok-agent.com: no such host"
t=2026-06-30T05:30:04+0800 lvl=eror msg="failed to reconnect session" obj=tunnels.session err="failed to dial ngrok server with address \"connect.ngrok-agent.com:443\": dial tcp: lookup connect.ngrok-agent.com: no such host"
t=2026-06-30T05:30:44+0800 lvl=eror msg="failed to reconnect session" obj=tunnels.session err="failed to dial ngrok server with address \"connect.ngrok-agent.com:443\": dial tcp: lookup connect.ngrok-agent.com: i/o timeout"
t=2026-06-30T05:31:14+0800 lvl=eror msg="failed to reconnect session" obj=tunnels.session err="failed to dial ngrok server with address \"connect.ngrok-agent.com:443\": dial tcp: lookup connect.ngrok-agent.com: no such host"
t=2026-06-30T05:31:44+0800 lvl=eror msg="failed to reconnect session" obj=tunnels.session err="failed to dial ngrok server with address \"connect.ngrok-agent.com:443\": dial tcp: lookup connect.ngrok-agent.com: no such host"
t=2026-06-30T05:32:24+0800 lvl=eror msg="failed to reconnect session" obj=tunnels.session err="failed to dial ngrok server with address \"connect.ngrok-agent.com:443\": dial tcp: lookup connect.ngrok-agent.com: i/o timeout"
t=2026-06-30T05:32:54+0800 lvl=eror msg="failed to reconnect session" obj=tunnels.session err="failed to dial ngrok server with address \"connect.ngrok-agent.com:443\": dial tcp: lookup connect.ngrok-agent.com: no such host"
t=2026-06-30T05:33:24+0800 lvl=eror msg="failed to reconnect session" obj=tunnels.session err="failed to dial ngrok server with address \"connect.ngrok-agent.com:443\": dial tcp: lookup connect.ngrok-agent.com: no such host"
t=2026-06-30T05:33:54+0800 lvl=eror msg="failed to reconnect session" obj=tunnels.session err="failed to dial ngrok server with address \"connect.ngrok-agent.com:443\": dial tcp: lookup connect.ngrok-agent.com: no such host"
t=2026-06-30T05:34:24+0800 lvl=eror msg="failed to reconnect session" obj=tunnels.session err="failed to dial ngrok server with address \"connect.ngrok-agent.com:443\": dial tcp: lookup connect.ngrok-agent.com: no such host"
t=2026-06-30T05:34:54+0800 lvl=eror msg="failed to reconnect session" obj=tunnels.session err="failed to dial ngrok server with address \"connect.ngrok-agent.com:443\": dial tcp: lookup connect.ngrok-agent.com: no such host"
t=2026-06-30T05:35:24+0800 lvl=eror msg="failed to reconnect session" obj=tunnels.session err="failed to dial ngrok server with address \"connect.ngrok-agent.com:443\": dial tcp: lookup connect.ngrok-agent.com: no such host"
t=2026-06-30T05:35:54+0800 lvl=eror msg="failed to reconnect session" obj=tunnels.session err="failed to dial ngrok server with address \"connect.ngrok-agent.com:443\": dial tcp: lookup connect.ngrok-agent.com: no such host"
t=2026-06-30T05:36:24+0800 lvl=eror msg="failed to reconnect session" obj=tunnels.session err="failed to dial ngrok server with address \"connect.ngrok-agent.com:443\": dial tcp: lookup connect.ngrok-agent.com: no such host"
t=2026-06-30T05:36:54+0800 lvl=eror msg="failed to reconnect session" obj=tunnels.session err="failed to dial ngrok server with address \"connect.ngrok-agent.com:443\": dial tcp: lookup connect.ngrok-agent.com: no such host"
t=2026-06-30T05:37:34+0800 lvl=eror msg="failed to reconnect session" obj=tunnels.session err="failed to dial ngrok server with address \"connect.ngrok-agent.com:443\": dial tcp: lookup connect.ngrok-agent.com: i/o timeout"
t=2026-06-30T05:38:04+0800 lvl=eror msg="failed to reconnect session" obj=tunnels.session err="failed to dial ngrok server with address \"connect.ngrok-agent.com:443\": dial tcp: lookup connect.ngrok-agent.com: no such host"
t=2026-06-30T05:38:44+0800 lvl=eror msg="failed to reconnect session" obj=tunnels.session err="failed to dial ngrok server with address \"connect.ngrok-agent.com:443\": dial tcp: lookup connect.ngrok-agent.com: i/o timeout"
t=2026-06-30T05:39:14+0800 lvl=eror msg="failed to reconnect session" obj=tunnels.session err="failed to dial ngrok server with address \"connect.ngrok-agent.com:443\": dial tcp: lookup connect.ngrok-agent.com: no such host"
t=2026-06-30T05:39:54+0800 lvl=eror msg="failed to reconnect session" obj=tunnels.session err="failed to dial ngrok server with address \"connect.ngrok-agent.com:443\": dial tcp: lookup connect.ngrok-agent.com: i/o timeout"
t=2026-06-30T05:40:24+0800 lvl=eror msg="failed to reconnect session" obj=tunnels.session err="failed to dial ngrok server with address \"connect.ngrok-agent.com:443\": dial tcp: lookup connect.ngrok-agent.com: no such host"
t=2026-06-30T05:41:04+0800 lvl=eror msg="failed to reconnect session" obj=tunnels.session err="failed to dial ngrok server with address \"connect.ngrok-agent.com:443\": dial tcp: lookup connect.ngrok-agent.com: i/o timeout"
t=2026-06-30T05:41:34+0800 lvl=eror msg="failed to reconnect session" obj=tunnels.session err="failed to dial ngrok server with address \"connect.ngrok-agent.com:443\": dial tcp: lookup connect.ngrok-agent.com: no such host"
t=2026-06-30T05:42:04+0800 lvl=eror msg="failed to reconnect session" obj=tunnels.session err="failed to dial ngrok server with address \"connect.ngrok-agent.com:443\": dial tcp: lookup connect.ngrok-agent.com: no such host"
t=2026-06-30T05:42:34+0800 lvl=eror msg="failed to reconnect session" obj=tunnels.session err="failed to dial ngrok server with address \"connect.ngrok-agent.com:443\": dial tcp: lookup connect.ngrok-agent.com: no such host"
t=2026-06-30T05:43:04+0800 lvl=eror msg="failed to reconnect session" obj=tunnels.session err="failed to dial ngrok server with address \"connect.ngrok-agent.com:443\": dial tcp: lookup connect.ngrok-agent.com: no such host"
t=2026-06-30T05:43:34+0800 lvl=eror msg="failed to reconnect session" obj=tunnels.session err="failed to dial ngrok server with address \"connect.ngrok-agent.com:443\": dial tcp: lookup connect.ngrok-agent.com: no such host"
t=2026-06-30T05:44:04+0800 lvl=eror msg="failed to reconnect session" obj=tunnels.session err="failed to dial ngrok server with address \"connect.ngrok-agent.com:443\": dial tcp: lookup connect.ngrok-agent.com: no such host"
t=2026-06-30T05:44:34+0800 lvl=eror msg="failed to reconnect session" obj=tunnels.session err="failed to dial ngrok server with address \"connect.ngrok-agent.com:443\": dial tcp: lookup connect.ngrok-agent.com: no such host"
t=2026-06-30T05:45:04+0800 lvl=eror msg="failed to reconnect session" obj=tunnels.session err="failed to dial ngrok server with address \"connect.ngrok-agent.com:443\": dial tcp: lookup connect.ngrok-agent.com: no such host"
t=2026-06-30T05:45:44+0800 lvl=eror msg="failed to reconnect session" obj=tunnels.session err="failed to dial ngrok server with address \"connect.ngrok-agent.com:443\": dial tcp: lookup connect.ngrok-agent.com: i/o timeout"
t=2026-06-30T05:46:14+0800 lvl=eror msg="failed to reconnect session" obj=tunnels.session err="failed to dial ngrok server with address \"connect.ngrok-agent.com:443\": dial tcp: lookup connect.ngrok-agent.com: no such host"
t=2026-06-30T05:46:54+0800 lvl=eror msg="failed to reconnect session" obj=tunnels.session err="failed to dial ngrok server with address \"connect.ngrok-agent.com:443\": dial tcp: lookup connect.ngrok-agent.com: i/o timeout"
t=2026-06-30T05:47:24+0800 lvl=eror msg="failed to reconnect session" obj=tunnels.session err="failed to dial ngrok server with address \"connect.ngrok-agent.com:443\": dial tcp: lookup connect.ngrok-agent.com: no such host"
t=2026-06-30T05:48:04+0800 lvl=eror msg="failed to reconnect session" obj=tunnels.session err="failed to dial ngrok server with address \"connect.ngrok-agent.com:443\": dial tcp: lookup connect.ngrok-agent.com: i/o timeout"
t=2026-06-30T05:48:34+0800 lvl=eror msg="failed to reconnect session" obj=tunnels.session err="failed to dial ngrok server with address \"connect.ngrok-agent.com:443\": dial tcp: lookup connect.ngrok-agent.com: no such host"
t=2026-06-30T05:49:04+0800 lvl=eror msg="failed to reconnect session" obj=tunnels.session err="failed to dial ngrok server with address \"connect.ngrok-agent.com:443\": dial tcp: lookup connect.ngrok-agent.com: no such host"
t=2026-06-30T05:49:34+0800 lvl=eror msg="failed to reconnect session" obj=tunnels.session err="failed to dial ngrok server with address \"connect.ngrok-agent.com:443\": dial tcp: lookup connect.ngrok-agent.com: no such host"
t=2026-06-30T05:50:04+0800 lvl=eror msg="failed to reconnect session" obj=tunnels.session err="failed to dial ngrok server with address \"connect.ngrok-agent.com:443\": dial tcp: lookup connect.ngrok-agent.com: no such host"
t=2026-06-30T05:50:44+0800 lvl=eror msg="failed to reconnect session" obj=tunnels.session err="failed to dial ngrok server with address \"connect.ngrok-agent.com:443\": dial tcp: lookup connect.ngrok-agent.com: i/o timeout"
t=2026-06-30T05:51:14+0800 lvl=eror msg="failed to reconnect session" obj=tunnels.session err="failed to dial ngrok server with address \"connect.ngrok-agent.com:443\": dial tcp: lookup connect.ngrok-agent.com: no such host"
t=2026-06-30T05:51:44+0800 lvl=eror msg="failed to reconnect session" obj=tunnels.session err="failed to dial ngrok server with address \"connect.ngrok-agent.com:443\": dial tcp: lookup connect.ngrok-agent.com: no such host"
t=2026-06-30T05:52:14+0800 lvl=eror msg="failed to reconnect session" obj=tunnels.session err="failed to dial ngrok server with address \"connect.ngrok-agent.com:443\": dial tcp: lookup connect.ngrok-agent.com: no such host"
t=2026-06-30T05:52:54+0800 lvl=eror msg="failed to reconnect session" obj=tunnels.session err="failed to dial ngrok server with address \"connect.ngrok-agent.com:443\": dial tcp: lookup connect.ngrok-agent.com: i/o timeout"
t=2026-06-30T05:53:24+0800 lvl=eror msg="failed to reconnect session" obj=tunnels.session err="failed to dial ngrok server with address \"connect.ngrok-agent.com:443\": dial tcp: lookup connect.ngrok-agent.com: no such host"
t=2026-06-30T05:53:54+0800 lvl=eror msg="failed to reconnect session" obj=tunnels.session err="failed to dial ngrok server with address \"connect.ngrok-agent.com:443\": dial tcp: lookup connect.ngrok-agent.com: no such host"
t=2026-06-30T05:54:24+0800 lvl=eror msg="failed to reconnect session" obj=tunnels.session err="failed to dial ngrok server with address \"connect.ngrok-agent.com:443\": dial tcp: lookup connect.ngrok-agent.com: no such host"
t=2026-06-30T05:55:04+0800 lvl=eror msg="failed to reconnect session" obj=tunnels.session err="failed to dial ngrok server with address \"connect.ngrok-agent.com:443\": dial tcp: lookup connect.ngrok-agent.com: i/o timeout"
t=2026-06-30T05:55:44+0800 lvl=eror msg="failed to reconnect session" obj=tunnels.session err="failed to dial ngrok server with address \"connect.ngrok-agent.com:443\": dial tcp: lookup connect.ngrok-agent.com: i/o timeout"
t=2026-06-30T05:56:14+0800 lvl=eror msg="failed to reconnect session" obj=tunnels.session err="failed to dial ngrok server with address \"connect.ngrok-agent.com:443\": dial tcp: lookup connect.ngrok-agent.com: no such host"
t=2026-06-30T05:56:54+0800 lvl=eror msg="failed to reconnect session" obj=tunnels.session err="failed to dial ngrok server with address \"connect.ngrok-agent.com:443\": dial tcp: lookup connect.ngrok-agent.com: i/o timeout"
t=2026-06-30T05:57:24+0800 lvl=eror msg="failed to reconnect session" obj=tunnels.session err="failed to dial ngrok server with address \"connect.ngrok-agent.com:443\": dial tcp: lookup connect.ngrok-agent.com: no such host"
t=2026-06-30T05:57:54+0800 lvl=eror msg="failed to reconnect session" obj=tunnels.session err="failed to dial ngrok server with address \"connect.ngrok-agent.com:443\": dial tcp: lookup connect.ngrok-agent.com: no such host"
t=2026-06-30T05:58:24+0800 lvl=eror msg="failed to reconnect session" obj=tunnels.session err="failed to dial ngrok server with address \"connect.ngrok-agent.com:443\": dial tcp: lookup connect.ngrok-agent.com: no such host"
t=2026-06-30T05:59:04+0800 lvl=eror msg="failed to reconnect session" obj=tunnels.session err="failed to dial ngrok server with address \"connect.ngrok-agent.com:443\": dial tcp: lookup connect.ngrok-agent.com: i/o timeout"
t=2026-06-30T05:59:44+0800 lvl=eror msg="failed to reconnect session" obj=tunnels.session err="failed to dial ngrok server with address \"connect.ngrok-agent.com:443\": dial tcp: lookup connect.ngrok-agent.com: i/o timeout"
t=2026-06-30T06:00:14+0800 lvl=eror msg="failed to reconnect session" obj=tunnels.session err="failed to dial ngrok server with address \"connect.ngrok-agent.com:443\": dial tcp: lookup connect.ngrok-agent.com: no such host"
t=2026-06-30T06:00:44+0800 lvl=eror msg="failed to reconnect session" obj=tunnels.session err="failed to dial ngrok server with address \"connect.ngrok-agent.com:443\": dial tcp: lookup connect.ngrok-agent.com: no such host"
t=2026-06-30T06:01:14+0800 lvl=eror msg="failed to reconnect session" obj=tunnels.session err="failed to dial ngrok server with address \"connect.ngrok-agent.com:443\": dial tcp: lookup connect.ngrok-agent.com: no such host"
t=2026-06-30T06:01:54+0800 lvl=eror msg="failed to reconnect session" obj=tunnels.session err="failed to dial ngrok server with address \"connect.ngrok-agent.com:443\": dial tcp: lookup connect.ngrok-agent.com: i/o timeout"
t=2026-06-30T06:02:24+0800 lvl=eror msg="failed to reconnect session" obj=tunnels.session err="failed to dial ngrok server with address \"connect.ngrok-agent.com:443\": dial tcp: lookup connect.ngrok-agent.com: no such host"
t=2026-06-30T06:02:54+0800 lvl=eror msg="failed to reconnect session" obj=tunnels.session err="failed to dial ngrok server with address \"connect.ngrok-agent.com:443\": dial tcp: lookup connect.ngrok-agent.com: no such host"
t=2026-06-30T06:03:34+0800 lvl=eror msg="failed to reconnect session" obj=tunnels.session err="failed to dial ngrok server with address \"connect.ngrok-agent.com:443\": dial tcp: lookup connect.ngrok-agent.com: i/o timeout"
t=2026-06-30T06:04:04+0800 lvl=eror msg="failed to reconnect session" obj=tunnels.session err="failed to dial ngrok server with address \"connect.ngrok-agent.com:443\": dial tcp: lookup connect.ngrok-agent.com: no such host"
t=2026-06-30T06:04:34+0800 lvl=eror msg="failed to reconnect session" obj=tunnels.session err="failed to dial ngrok server with address \"connect.ngrok-agent.com:443\": dial tcp: lookup connect.ngrok-agent.com: no such host"
t=2026-06-30T06:05:14+0800 lvl=eror msg="failed to reconnect session" obj=tunnels.session err="failed to dial ngrok server with address \"connect.ngrok-agent.com:443\": dial tcp: lookup connect.ngrok-agent.com: i/o timeout"
t=2026-06-30T06:05:44+0800 lvl=eror msg="failed to reconnect session" obj=tunnels.session err="failed to dial ngrok server with address \"connect.ngrok-agent.com:443\": dial tcp: lookup connect.ngrok-agent.com: no such host"
t=2026-06-30T06:06:14+0800 lvl=eror msg="failed to reconnect session" obj=tunnels.session err="failed to dial ngrok server with address \"connect.ngrok-agent.com:443\": dial tcp: lookup connect.ngrok-agent.com: no such host"
t=2026-06-30T06:06:54+0800 lvl=eror msg="failed to reconnect session" obj=tunnels.session err="failed to dial ngrok server with address \"connect.ngrok-agent.com:443\": dial tcp: lookup connect.ngrok-agent.com: i/o timeout"
t=2026-06-30T06:07:24+0800 lvl=eror msg="failed to reconnect session" obj=tunnels.session err="failed to dial ngrok server with address \"connect.ngrok-agent.com:443\": dial tcp: lookup connect.ngrok-agent.com: no such host"
t=2026-06-30T06:07:54+0800 lvl=eror msg="failed to reconnect session" obj=tunnels.session err="failed to dial ngrok server with address \"connect.ngrok-agent.com:443\": dial tcp: lookup connect.ngrok-agent.com: no such host"
t=2026-06-30T06:08:24+0800 lvl=eror msg="failed to reconnect session" obj=tunnels.session err="failed to dial ngrok server with address \"connect.ngrok-agent.com:443\": dial tcp: lookup connect.ngrok-agent.com: no such host"
t=2026-06-30T06:08:54+0800 lvl=eror msg="failed to reconnect session" obj=tunnels.session err="failed to dial ngrok server with address \"connect.ngrok-agent.com:443\": dial tcp: lookup connect.ngrok-agent.com: no such host"
t=2026-06-30T06:09:24+0800 lvl=eror msg="failed to reconnect session" obj=tunnels.session err="failed to dial ngrok server with address \"connect.ngrok-agent.com:443\": dial tcp: lookup connect.ngrok-agent.com: no such host"
t=2026-06-30T06:09:54+0800 lvl=eror msg="failed to reconnect session" obj=tunnels.session err="failed to dial ngrok server with address \"connect.ngrok-agent.com:443\": dial tcp: lookup connect.ngrok-agent.com: no such host"
t=2026-06-30T06:10:34+0800 lvl=eror msg="failed to reconnect session" obj=tunnels.session err="failed to dial ngrok server with address \"connect.ngrok-agent.com:443\": dial tcp: lookup connect.ngrok-agent.com: i/o timeout"
t=2026-06-30T06:11:04+0800 lvl=eror msg="failed to reconnect session" obj=tunnels.session err="failed to dial ngrok server with address \"connect.ngrok-agent.com:443\": dial tcp: lookup connect.ngrok-agent.com: no such host"
t=2026-06-30T06:11:44+0800 lvl=eror msg="failed to reconnect session" obj=tunnels.session err="failed to dial ngrok server with address \"connect.ngrok-agent.com:443\": dial tcp: lookup connect.ngrok-agent.com: i/o timeout"
t=2026-06-30T06:12:14+0800 lvl=eror msg="failed to reconnect session" obj=tunnels.session err="failed to dial ngrok server with address \"connect.ngrok-agent.com:443\": dial tcp: lookup connect.ngrok-agent.com: no such host"
t=2026-06-30T06:12:44+0800 lvl=eror msg="failed to reconnect session" obj=tunnels.session err="failed to dial ngrok server with address \"connect.ngrok-agent.com:443\": dial tcp: lookup connect.ngrok-agent.com: no such host"
t=2026-06-30T06:13:14+0800 lvl=eror msg="failed to reconnect session" obj=tunnels.session err="failed to dial ngrok server with address \"connect.ngrok-agent.com:443\": dial tcp: lookup connect.ngrok-agent.com: no such host"
t=2026-06-30T06:13:54+0800 lvl=eror msg="failed to reconnect session" obj=tunnels.session err="failed to dial ngrok server with address \"connect.ngrok-agent.com:443\": dial tcp: lookup connect.ngrok-agent.com: i/o timeout"
t=2026-06-30T06:14:24+0800 lvl=eror msg="failed to reconnect session" obj=tunnels.session err="failed to dial ngrok server with address \"connect.ngrok-agent.com:443\": dial tcp: lookup connect.ngrok-agent.com: no such host"
t=2026-06-30T06:14:54+0800 lvl=eror msg="failed to reconnect session" obj=tunnels.session err="failed to dial ngrok server with address \"connect.ngrok-agent.com:443\": dial tcp: lookup connect.ngrok-agent.com: no such host"
t=2026-06-30T06:15:24+0800 lvl=eror msg="failed to reconnect session" obj=tunnels.session err="failed to dial ngrok server with address \"connect.ngrok-agent.com:443\": dial tcp: lookup connect.ngrok-agent.com: no such host"
t=2026-06-30T06:16:04+0800 lvl=eror msg="failed to reconnect session" obj=tunnels.session err="failed to dial ngrok server with address \"connect.ngrok-agent.com:443\": dial tcp: lookup connect.ngrok-agent.com: i/o timeout"
t=2026-06-30T06:16:34+0800 lvl=eror msg="failed to reconnect session" obj=tunnels.session err="failed to dial ngrok server with address \"connect.ngrok-agent.com:443\": dial tcp: lookup connect.ngrok-agent.com: no such host"
t=2026-06-30T06:17:04+0800 lvl=eror msg="failed to reconnect session" obj=tunnels.session err="failed to dial ngrok server with address \"connect.ngrok-agent.com:443\": dial tcp: lookup connect.ngrok-agent.com: no such host"
t=2026-06-30T06:17:34+0800 lvl=eror msg="failed to reconnect session" obj=tunnels.session err="failed to dial ngrok server with address \"connect.ngrok-agent.com:443\": dial tcp: lookup connect.ngrok-agent.com: no such host"
t=2026-06-30T06:18:04+0800 lvl=eror msg="failed to reconnect session" obj=tunnels.session err="failed to dial ngrok server with address \"connect.ngrok-agent.com:443\": dial tcp: lookup connect.ngrok-agent.com: no such host"
t=2026-06-30T06:18:34+0800 lvl=eror msg="failed to reconnect session" obj=tunnels.session err="failed to dial ngrok server with address \"connect.ngrok-agent.com:443\": dial tcp: lookup connect.ngrok-agent.com: no such host"
t=2026-06-30T06:19:04+0800 lvl=eror msg="failed to reconnect session" obj=tunnels.session err="failed to dial ngrok server with address \"connect.ngrok-agent.com:443\": dial tcp: lookup connect.ngrok-agent.com: no such host"
t=2026-06-30T06:19:34+0800 lvl=eror msg="failed to reconnect session" obj=tunnels.session err="failed to dial ngrok server with address \"connect.ngrok-agent.com:443\": dial tcp: lookup connect.ngrok-agent.com: no such host"
t=2026-06-30T06:20:04+0800 lvl=eror msg="failed to reconnect session" obj=tunnels.session err="failed to dial ngrok server with address \"connect.ngrok-agent.com:443\": dial tcp: lookup connect.ngrok-agent.com: no such host"
t=2026-06-30T06:20:44+0800 lvl=eror msg="failed to reconnect session" obj=tunnels.session err="failed to dial ngrok server with address \"connect.ngrok-agent.com:443\": dial tcp: lookup connect.ngrok-agent.com: i/o timeout"
t=2026-06-30T06:21:14+0800 lvl=eror msg="failed to reconnect session" obj=tunnels.session err="failed to dial ngrok server with address \"connect.ngrok-agent.com:443\": dial tcp: lookup connect.ngrok-agent.com: no such host"
t=2026-06-30T06:21:44+0800 lvl=eror msg="failed to reconnect session" obj=tunnels.session err="failed to dial ngrok server with address \"connect.ngrok-agent.com:443\": dial tcp: lookup connect.ngrok-agent.com: no such host"
t=2026-06-30T06:22:14+0800 lvl=eror msg="failed to reconnect session" obj=tunnels.session err="failed to dial ngrok server with address \"connect.ngrok-agent.com:443\": dial tcp: lookup connect.ngrok-agent.com: no such host"
t=2026-06-30T06:22:44+0800 lvl=eror msg="failed to reconnect session" obj=tunnels.session err="failed to dial ngrok server with address \"connect.ngrok-agent.com:443\": dial tcp: lookup connect.ngrok-agent.com: no such host"
t=2026-06-30T06:23:14+0800 lvl=eror msg="failed to reconnect session" obj=tunnels.session err="failed to dial ngrok server with address \"connect.ngrok-agent.com:443\": dial tcp: lookup connect.ngrok-agent.com: no such host"
t=2026-06-30T06:23:54+0800 lvl=eror msg="failed to reconnect session" obj=tunnels.session err="failed to dial ngrok server with address \"connect.ngrok-agent.com:443\": dial tcp: lookup connect.ngrok-agent.com: i/o timeout"
t=2026-06-30T06:24:24+0800 lvl=eror msg="failed to reconnect session" obj=tunnels.session err="failed to dial ngrok server with address \"connect.ngrok-agent.com:443\": dial tcp: lookup connect.ngrok-agent.com: no such host"
t=2026-06-30T06:24:54+0800 lvl=eror msg="failed to reconnect session" obj=tunnels.session err="failed to dial ngrok server with address \"connect.ngrok-agent.com:443\": dial tcp: lookup connect.ngrok-agent.com: no such host"
t=2026-06-30T06:25:24+0800 lvl=eror msg="failed to reconnect session" obj=tunnels.session err="failed to dial ngrok server with address \"connect.ngrok-agent.com:443\": dial tcp: lookup connect.ngrok-agent.com: no such host"
t=2026-06-30T06:25:54+0800 lvl=eror msg="failed to reconnect session" obj=tunnels.session err="failed to dial ngrok server with address \"connect.ngrok-agent.com:443\": dial tcp: lookup connect.ngrok-agent.com: no such host"
t=2026-06-30T06:26:34+0800 lvl=eror msg="failed to reconnect session" obj=tunnels.session err="failed to dial ngrok server with address \"connect.ngrok-agent.com:443\": dial tcp: lookup connect.ngrok-agent.com: i/o timeout"
t=2026-06-30T06:27:04+0800 lvl=eror msg="failed to reconnect session" obj=tunnels.session err="failed to dial ngrok server with address \"connect.ngrok-agent.com:443\": dial tcp: lookup connect.ngrok-agent.com: no such host"
t=2026-06-30T06:27:34+0800 lvl=eror msg="failed to reconnect session" obj=tunnels.session err="failed to dial ngrok server with address \"connect.ngrok-agent.com:443\": dial tcp: lookup connect.ngrok-agent.com: no such host"
t=2026-06-30T06:28:14+0800 lvl=eror msg="failed to reconnect session" obj=tunnels.session err="failed to dial ngrok server with address \"connect.ngrok-agent.com:443\": dial tcp: lookup connect.ngrok-agent.com: i/o timeout"
t=2026-06-30T06:28:44+0800 lvl=eror msg="failed to reconnect session" obj=tunnels.session err="failed to dial ngrok server with address \"connect.ngrok-agent.com:443\": dial tcp: lookup connect.ngrok-agent.com: no such host"
t=2026-06-30T06:29:14+0800 lvl=eror msg="failed to reconnect session" obj=tunnels.session err="failed to dial ngrok server with address \"connect.ngrok-agent.com:443\": dial tcp: lookup connect.ngrok-agent.com: no such host"
t=2026-06-30T06:29:54+0800 lvl=eror msg="failed to reconnect session" obj=tunnels.session err="failed to dial ngrok server with address \"connect.ngrok-agent.com:443\": dial tcp: lookup connect.ngrok-agent.com: i/o timeout"
t=2026-06-30T06:30:34+0800 lvl=eror msg="failed to reconnect session" obj=tunnels.session err="failed to dial ngrok server with address \"connect.ngrok-agent.com:443\": dial tcp: lookup connect.ngrok-agent.com: i/o timeout"
t=2026-06-30T06:31:04+0800 lvl=eror msg="failed to reconnect session" obj=tunnels.session err="failed to dial ngrok server with address \"connect.ngrok-agent.com:443\": dial tcp: lookup connect.ngrok-agent.com: no such host"
t=2026-06-30T06:31:34+0800 lvl=eror msg="failed to reconnect session" obj=tunnels.session err="failed to dial ngrok server with address \"connect.ngrok-agent.com:443\": dial tcp: lookup connect.ngrok-agent.com: no such host"
t=2026-06-30T06:32:04+0800 lvl=eror msg="failed to reconnect session" obj=tunnels.session err="failed to dial ngrok server with address \"connect.ngrok-agent.com:443\": dial tcp: lookup connect.ngrok-agent.com: no such host"
t=2026-06-30T06:32:44+0800 lvl=eror msg="failed to reconnect session" obj=tunnels.session err="failed to dial ngrok server with address \"connect.ngrok-agent.com:443\": dial tcp: lookup connect.ngrok-agent.com: i/o timeout"
t=2026-06-30T06:33:14+0800 lvl=eror msg="failed to reconnect session" obj=tunnels.session err="failed to dial ngrok server with address \"connect.ngrok-agent.com:443\": dial tcp: lookup connect.ngrok-agent.com: no such host"
t=2026-06-30T06:33:44+0800 lvl=eror msg="failed to reconnect session" obj=tunnels.session err="failed to dial ngrok server with address \"connect.ngrok-agent.com:443\": dial tcp: lookup connect.ngrok-agent.com: no such host"
t=2026-06-30T06:34:24+0800 lvl=eror msg="failed to reconnect session" obj=tunnels.session err="failed to dial ngrok server with address \"connect.ngrok-agent.com:443\": dial tcp: lookup connect.ngrok-agent.com: i/o timeout"
t=2026-06-30T06:34:54+0800 lvl=eror msg="failed to reconnect session" obj=tunnels.session err="failed to dial ngrok server with address \"connect.ngrok-agent.com:443\": dial tcp: lookup connect.ngrok-agent.com: no such host"
t=2026-06-30T06:35:24+0800 lvl=eror msg="failed to reconnect session" obj=tunnels.session err="failed to dial ngrok server with address \"connect.ngrok-agent.com:443\": dial tcp: lookup connect.ngrok-agent.com: no such host"
t=2026-06-30T06:36:04+0800 lvl=eror msg="failed to reconnect session" obj=tunnels.session err="failed to dial ngrok server with address \"connect.ngrok-agent.com:443\": dial tcp: lookup connect.ngrok-agent.com: i/o timeout"
t=2026-06-30T06:36:34+0800 lvl=eror msg="failed to reconnect session" obj=tunnels.session err="failed to dial ngrok server with address \"connect.ngrok-agent.com:443\": dial tcp: lookup connect.ngrok-agent.com: no such host"
t=2026-06-30T06:37:14+0800 lvl=eror msg="failed to reconnect session" obj=tunnels.session err="failed to dial ngrok server with address \"connect.ngrok-agent.com:443\": dial tcp: lookup connect.ngrok-agent.com: i/o timeout"
t=2026-06-30T06:37:44+0800 lvl=eror msg="failed to reconnect session" obj=tunnels.session err="failed to dial ngrok server with address \"connect.ngrok-agent.com:443\": dial tcp: lookup connect.ngrok-agent.com: no such host"
t=2026-06-30T06:38:24+0800 lvl=eror msg="failed to reconnect session" obj=tunnels.session err="failed to dial ngrok server with address \"connect.ngrok-agent.com:443\": dial tcp: lookup connect.ngrok-agent.com: i/o timeout"
t=2026-06-30T06:38:54+0800 lvl=eror msg="failed to reconnect session" obj=tunnels.session err="failed to dial ngrok server with address \"connect.ngrok-agent.com:443\": dial tcp: lookup connect.ngrok-agent.com: no such host"
t=2026-06-30T06:39:34+0800 lvl=eror msg="failed to reconnect session" obj=tunnels.session err="failed to dial ngrok server with address \"connect.ngrok-agent.com:443\": dial tcp: lookup connect.ngrok-agent.com: i/o timeout"
t=2026-06-30T06:40:14+0800 lvl=eror msg="failed to reconnect session" obj=tunnels.session err="failed to dial ngrok server with address \"connect.ngrok-agent.com:443\": dial tcp: lookup connect.ngrok-agent.com: i/o timeout"
t=2026-06-30T06:40:44+0800 lvl=eror msg="failed to reconnect session" obj=tunnels.session err="failed to dial ngrok server with address \"connect.ngrok-agent.com:443\": dial tcp: lookup connect.ngrok-agent.com: no such host"
t=2026-06-30T06:41:24+0800 lvl=eror msg="failed to reconnect session" obj=tunnels.session err="failed to dial ngrok server with address \"connect.ngrok-agent.com:443\": dial tcp: lookup connect.ngrok-agent.com: i/o timeout"
t=2026-06-30T06:42:04+0800 lvl=eror msg="failed to reconnect session" obj=tunnels.session err="failed to dial ngrok server with address \"connect.ngrok-agent.com:443\": dial tcp: lookup connect.ngrok-agent.com: i/o timeout"
t=2026-06-30T06:42:34+0800 lvl=eror msg="failed to reconnect session" obj=tunnels.session err="failed to dial ngrok server with address \"connect.ngrok-agent.com:443\": dial tcp: lookup connect.ngrok-agent.com: no such host"
t=2026-06-30T06:43:14+0800 lvl=eror msg="failed to reconnect session" obj=tunnels.session err="failed to dial ngrok server with address \"connect.ngrok-agent.com:443\": dial tcp: lookup connect.ngrok-agent.com: i/o timeout"
t=2026-06-30T06:43:44+0800 lvl=eror msg="failed to reconnect session" obj=tunnels.session err="failed to dial ngrok server with address \"connect.ngrok-agent.com:443\": dial tcp: lookup connect.ngrok-agent.com: no such host"
t=2026-06-30T06:44:14+0800 lvl=eror msg="failed to reconnect session" obj=tunnels.session err="failed to dial ngrok server with address \"connect.ngrok-agent.com:443\": dial tcp: lookup connect.ngrok-agent.com: no such host"
t=2026-06-30T06:44:54+0800 lvl=eror msg="failed to reconnect session" obj=tunnels.session err="failed to dial ngrok server with address \"connect.ngrok-agent.com:443\": dial tcp: lookup connect.ngrok-agent.com: i/o timeout"
t=2026-06-30T06:45:24+0800 lvl=eror msg="failed to reconnect session" obj=tunnels.session err="failed to dial ngrok server with address \"connect.ngrok-agent.com:443\": dial tcp: lookup connect.ngrok-agent.com: no such host"
t=2026-06-30T06:45:54+0800 lvl=eror msg="failed to reconnect session" obj=tunnels.session err="failed to dial ngrok server with address \"connect.ngrok-agent.com:443\": dial tcp: lookup connect.ngrok-agent.com: no such host"
t=2026-06-30T06:46:24+0800 lvl=eror msg="failed to reconnect session" obj=tunnels.session err="failed to dial ngrok server with address \"connect.ngrok-agent.com:443\": dial tcp: lookup connect.ngrok-agent.com: no such host"
t=2026-06-30T06:47:04+0800 lvl=eror msg="failed to reconnect session" obj=tunnels.session err="failed to dial ngrok server with address \"connect.ngrok-agent.com:443\": dial tcp: lookup connect.ngrok-agent.com: i/o timeout"
t=2026-06-30T06:47:44+0800 lvl=eror msg="failed to reconnect session" obj=tunnels.session err="failed to dial ngrok server with address \"connect.ngrok-agent.com:443\": dial tcp: lookup connect.ngrok-agent.com: i/o timeout"
t=2026-06-30T06:48:14+0800 lvl=eror msg="failed to reconnect session" obj=tunnels.session err="failed to dial ngrok server with address \"connect.ngrok-agent.com:443\": dial tcp: lookup connect.ngrok-agent.com: no such host"
t=2026-06-30T06:48:54+0800 lvl=eror msg="failed to reconnect session" obj=tunnels.session err="failed to dial ngrok server with address \"connect.ngrok-agent.com:443\": dial tcp: lookup connect.ngrok-agent.com: i/o timeout"
t=2026-06-30T06:49:24+0800 lvl=eror msg="failed to reconnect session" obj=tunnels.session err="failed to dial ngrok server with address \"connect.ngrok-agent.com:443\": dial tcp: lookup connect.ngrok-agent.com: no such host"
t=2026-06-30T06:50:04+0800 lvl=eror msg="failed to reconnect session" obj=tunnels.session err="failed to dial ngrok server with address \"connect.ngrok-agent.com:443\": dial tcp: lookup connect.ngrok-agent.com: i/o timeout"
t=2026-06-30T06:50:34+0800 lvl=eror msg="failed to reconnect session" obj=tunnels.session err="failed to dial ngrok server with address \"connect.ngrok-agent.com:443\": dial tcp: lookup connect.ngrok-agent.com: no such host"
t=2026-06-30T06:51:04+0800 lvl=eror msg="failed to reconnect session" obj=tunnels.session err="failed to dial ngrok server with address \"connect.ngrok-agent.com:443\": dial tcp: lookup connect.ngrok-agent.com: no such host"
t=2026-06-30T06:51:35+0800 lvl=eror msg="failed to reconnect session" obj=tunnels.session err="failed to dial ngrok server with address \"connect.ngrok-agent.com:443\": dial tcp: lookup connect.ngrok-agent.com: no such host"
t=2026-06-30T06:52:05+0800 lvl=eror msg="failed to reconnect session" obj=tunnels.session err="failed to dial ngrok server with address \"connect.ngrok-agent.com:443\": dial tcp: lookup connect.ngrok-agent.com: no such host"
t=2026-06-30T06:52:45+0800 lvl=eror msg="failed to reconnect session" obj=tunnels.session err="failed to dial ngrok server with address \"connect.ngrok-agent.com:443\": dial tcp: lookup connect.ngrok-agent.com: i/o timeout"
t=2026-06-30T06:53:25+0800 lvl=eror msg="failed to reconnect session" obj=tunnels.session err="failed to dial ngrok server with address \"connect.ngrok-agent.com:443\": dial tcp: lookup connect.ngrok-agent.com: i/o timeout"
t=2026-06-30T06:53:55+0800 lvl=eror msg="failed to reconnect session" obj=tunnels.session err="failed to dial ngrok server with address \"connect.ngrok-agent.com:443\": dial tcp: lookup connect.ngrok-agent.com: no such host"
t=2026-06-30T06:54:35+0800 lvl=eror msg="failed to reconnect session" obj=tunnels.session err="failed to dial ngrok server with address \"connect.ngrok-agent.com:443\": dial tcp: lookup connect.ngrok-agent.com: i/o timeout"
t=2026-06-30T06:55:15+0800 lvl=eror msg="failed to reconnect session" obj=tunnels.session err="failed to dial ngrok server with address \"connect.ngrok-agent.com:443\": dial tcp: lookup connect.ngrok-agent.com: i/o timeout"
t=2026-06-30T06:55:45+0800 lvl=eror msg="failed to reconnect session" obj=tunnels.session err="failed to dial ngrok server with address \"connect.ngrok-agent.com:443\": dial tcp: lookup connect.ngrok-agent.com: no such host"
t=2026-06-30T06:56:25+0800 lvl=eror msg="failed to reconnect session" obj=tunnels.session err="failed to dial ngrok server with address \"connect.ngrok-agent.com:443\": dial tcp: lookup connect.ngrok-agent.com: i/o timeout"
t=2026-06-30T06:56:55+0800 lvl=eror msg="failed to reconnect session" obj=tunnels.session err="failed to dial ngrok server with address \"connect.ngrok-agent.com:443\": dial tcp: lookup connect.ngrok-agent.com: no such host"
t=2026-06-30T06:57:25+0800 lvl=eror msg="failed to reconnect session" obj=tunnels.session err="failed to dial ngrok server with address \"connect.ngrok-agent.com:443\": dial tcp: lookup connect.ngrok-agent.com: no such host"
t=2026-06-30T06:57:55+0800 lvl=eror msg="failed to reconnect session" obj=tunnels.session err="failed to dial ngrok server with address \"connect.ngrok-agent.com:443\": dial tcp: lookup connect.ngrok-agent.com: no such host"
t=2026-06-30T06:58:35+0800 lvl=eror msg="failed to reconnect session" obj=tunnels.session err="failed to dial ngrok server with address \"connect.ngrok-agent.com:443\": dial tcp: lookup connect.ngrok-agent.com: i/o timeout"
t=2026-06-30T06:59:05+0800 lvl=eror msg="failed to reconnect session" obj=tunnels.session err="failed to dial ngrok server with address \"connect.ngrok-agent.com:443\": dial tcp: lookup connect.ngrok-agent.com: no such host"
t=2026-06-30T06:59:35+0800 lvl=eror msg="failed to reconnect session" obj=tunnels.session err="failed to dial ngrok server with address \"connect.ngrok-agent.com:443\": dial tcp: lookup connect.ngrok-agent.com: no such host"
t=2026-06-30T07:00:15+0800 lvl=eror msg="failed to reconnect session" obj=tunnels.session err="failed to dial ngrok server with address \"connect.ngrok-agent.com:443\": dial tcp: lookup connect.ngrok-agent.com: i/o timeout"
t=2026-06-30T07:00:45+0800 lvl=eror msg="failed to reconnect session" obj=tunnels.session err="failed to dial ngrok server with address \"connect.ngrok-agent.com:443\": dial tcp: lookup connect.ngrok-agent.com: no such host"
t=2026-06-30T07:01:25+0800 lvl=eror msg="failed to reconnect session" obj=tunnels.session err="failed to dial ngrok server with address \"connect.ngrok-agent.com:443\": dial tcp: lookup connect.ngrok-agent.com: i/o timeout"
t=2026-06-30T07:01:55+0800 lvl=eror msg="failed to reconnect session" obj=tunnels.session err="failed to dial ngrok server with address \"connect.ngrok-agent.com:443\": dial tcp: lookup connect.ngrok-agent.com: no such host"
t=2026-06-30T07:02:25+0800 lvl=eror msg="failed to reconnect session" obj=tunnels.session err="failed to dial ngrok server with address \"connect.ngrok-agent.com:443\": dial tcp: lookup connect.ngrok-agent.com: no such host"
t=2026-06-30T07:02:55+0800 lvl=eror msg="failed to reconnect session" obj=tunnels.session err="failed to dial ngrok server with address \"connect.ngrok-agent.com:443\": dial tcp: lookup connect.ngrok-agent.com: no such host"
t=2026-06-30T07:03:25+0800 lvl=eror msg="failed to reconnect session" obj=tunnels.session err="failed to dial ngrok server with address \"connect.ngrok-agent.com:443\": dial tcp: lookup connect.ngrok-agent.com: no such host"
t=2026-06-30T07:04:05+0800 lvl=eror msg="failed to reconnect session" obj=tunnels.session err="failed to dial ngrok server with address \"connect.ngrok-agent.com:443\": dial tcp: lookup connect.ngrok-agent.com: i/o timeout"
t=2026-06-30T07:04:35+0800 lvl=eror msg="failed to reconnect session" obj=tunnels.session err="failed to dial ngrok server with address \"connect.ngrok-agent.com:443\": dial tcp: lookup connect.ngrok-agent.com: no such host"
t=2026-06-30T07:05:05+0800 lvl=eror msg="failed to reconnect session" obj=tunnels.session err="failed to dial ngrok server with address \"connect.ngrok-agent.com:443\": dial tcp: lookup connect.ngrok-agent.com: no such host"
t=2026-06-30T07:05:35+0800 lvl=eror msg="failed to reconnect session" obj=tunnels.session err="failed to dial ngrok server with address \"connect.ngrok-agent.com:443\": dial tcp: lookup connect.ngrok-agent.com: no such host"
t=2026-06-30T07:06:05+0800 lvl=eror msg="failed to reconnect session" obj=tunnels.session err="failed to dial ngrok server with address \"connect.ngrok-agent.com:443\": dial tcp: lookup connect.ngrok-agent.com: no such host"
t=2026-06-30T07:06:35+0800 lvl=eror msg="failed to reconnect session" obj=tunnels.session err="failed to dial ngrok server with address \"connect.ngrok-agent.com:443\": dial tcp: lookup connect.ngrok-agent.com: no such host"
t=2026-06-30T07:07:05+0800 lvl=eror msg="failed to reconnect session" obj=tunnels.session err="failed to dial ngrok server with address \"connect.ngrok-agent.com:443\": dial tcp: lookup connect.ngrok-agent.com: no such host"
t=2026-06-30T07:07:35+0800 lvl=eror msg="failed to reconnect session" obj=tunnels.session err="failed to dial ngrok server with address \"connect.ngrok-agent.com:443\": dial tcp: lookup connect.ngrok-agent.com: no such host"
t=2026-06-30T07:08:15+0800 lvl=eror msg="failed to reconnect session" obj=tunnels.session err="failed to dial ngrok server with address \"connect.ngrok-agent.com:443\": dial tcp: lookup connect.ngrok-agent.com: i/o timeout"
t=2026-06-30T07:08:45+0800 lvl=eror msg="failed to reconnect session" obj=tunnels.session err="failed to dial ngrok server with address \"connect.ngrok-agent.com:443\": dial tcp: lookup connect.ngrok-agent.com: no such host"
t=2026-06-30T07:09:15+0800 lvl=eror msg="failed to reconnect session" obj=tunnels.session err="failed to dial ngrok server with address \"connect.ngrok-agent.com:443\": dial tcp: lookup connect.ngrok-agent.com: no such host"
t=2026-06-30T07:09:45+0800 lvl=eror msg="failed to reconnect session" obj=tunnels.session err="failed to dial ngrok server with address \"connect.ngrok-agent.com:443\": dial tcp: lookup connect.ngrok-agent.com: no such host"
t=2026-06-30T07:10:15+0800 lvl=eror msg="failed to reconnect session" obj=tunnels.session err="failed to dial ngrok server with address \"connect.ngrok-agent.com:443\": dial tcp: lookup connect.ngrok-agent.com: no such host"
t=2026-06-30T07:10:55+0800 lvl=eror msg="failed to reconnect session" obj=tunnels.session err="failed to dial ngrok server with address \"connect.ngrok-agent.com:443\": dial tcp: lookup connect.ngrok-agent.com: i/o timeout"
t=2026-06-30T07:11:25+0800 lvl=eror msg="failed to reconnect session" obj=tunnels.session err="failed to dial ngrok server with address \"connect.ngrok-agent.com:443\": dial tcp: lookup connect.ngrok-agent.com: no such host"
t=2026-06-30T07:12:05+0800 lvl=eror msg="failed to reconnect session" obj=tunnels.session err="failed to dial ngrok server with address \"connect.ngrok-agent.com:443\": dial tcp: lookup connect.ngrok-agent.com: i/o timeout"
t=2026-06-30T07:12:35+0800 lvl=eror msg="failed to reconnect session" obj=tunnels.session err="failed to dial ngrok server with address \"connect.ngrok-agent.com:443\": dial tcp: lookup connect.ngrok-agent.com: no such host"
t=2026-06-30T07:13:05+0800 lvl=eror msg="failed to reconnect session" obj=tunnels.session err="failed to dial ngrok server with address \"connect.ngrok-agent.com:443\": dial tcp: lookup connect.ngrok-agent.com: no such host"
t=2026-06-30T07:13:35+0800 lvl=eror msg="failed to reconnect session" obj=tunnels.session err="failed to dial ngrok server with address \"connect.ngrok-agent.com:443\": dial tcp: lookup connect.ngrok-agent.com: no such host"
t=2026-06-30T07:14:05+0800 lvl=eror msg="failed to reconnect session" obj=tunnels.session err="failed to dial ngrok server with address \"connect.ngrok-agent.com:443\": dial tcp: lookup connect.ngrok-agent.com: no such host"
t=2026-06-30T07:14:35+0800 lvl=eror msg="failed to reconnect session" obj=tunnels.session err="failed to dial ngrok server with address \"connect.ngrok-agent.com:443\": dial tcp: lookup connect.ngrok-agent.com: no such host"
t=2026-06-30T07:15:05+0800 lvl=eror msg="failed to reconnect session" obj=tunnels.session err="failed to dial ngrok server with address \"connect.ngrok-agent.com:443\": dial tcp: lookup connect.ngrok-agent.com: no such host"
t=2026-06-30T07:15:35+0800 lvl=eror msg="failed to reconnect session" obj=tunnels.session err="failed to dial ngrok server with address \"connect.ngrok-agent.com:443\": dial tcp: lookup connect.ngrok-agent.com: no such host"
t=2026-06-30T07:16:15+0800 lvl=eror msg="failed to reconnect session" obj=tunnels.session err="failed to dial ngrok server with address \"connect.ngrok-agent.com:443\": dial tcp: lookup connect.ngrok-agent.com: i/o timeout"
t=2026-06-30T07:16:45+0800 lvl=eror msg="failed to reconnect session" obj=tunnels.session err="failed to dial ngrok server with address \"connect.ngrok-agent.com:443\": dial tcp: lookup connect.ngrok-agent.com: no such host"
t=2026-06-30T07:17:15+0800 lvl=eror msg="failed to reconnect session" obj=tunnels.session err="failed to dial ngrok server with address \"connect.ngrok-agent.com:443\": dial tcp: lookup connect.ngrok-agent.com: no such host"
t=2026-06-30T07:17:45+0800 lvl=eror msg="failed to reconnect session" obj=tunnels.session err="failed to dial ngrok server with address \"connect.ngrok-agent.com:443\": dial tcp: lookup connect.ngrok-agent.com: no such host"
t=2026-06-30T07:18:15+0800 lvl=eror msg="failed to reconnect session" obj=tunnels.session err="failed to dial ngrok server with address \"connect.ngrok-agent.com:443\": dial tcp: lookup connect.ngrok-agent.com: no such host"
t=2026-06-30T07:18:45+0800 lvl=eror msg="failed to reconnect session" obj=tunnels.session err="failed to dial ngrok server with address \"connect.ngrok-agent.com:443\": dial tcp: lookup connect.ngrok-agent.com: no such host"
t=2026-06-30T07:19:25+0800 lvl=eror msg="failed to reconnect session" obj=tunnels.session err="failed to dial ngrok server with address \"connect.ngrok-agent.com:443\": dial tcp: lookup connect.ngrok-agent.com: i/o timeout"
t=2026-06-30T07:19:55+0800 lvl=eror msg="failed to reconnect session" obj=tunnels.session err="failed to dial ngrok server with address \"connect.ngrok-agent.com:443\": dial tcp: lookup connect.ngrok-agent.com: no such host"
t=2026-06-30T07:20:35+0800 lvl=eror msg="failed to reconnect session" obj=tunnels.session err="failed to dial ngrok server with address \"connect.ngrok-agent.com:443\": dial tcp: lookup connect.ngrok-agent.com: i/o timeout"
t=2026-06-30T07:21:05+0800 lvl=eror msg="failed to reconnect session" obj=tunnels.session err="failed to dial ngrok server with address \"connect.ngrok-agent.com:443\": dial tcp: lookup connect.ngrok-agent.com: no such host"
t=2026-06-30T07:21:35+0800 lvl=eror msg="failed to reconnect session" obj=tunnels.session err="failed to dial ngrok server with address \"connect.ngrok-agent.com:443\": dial tcp: lookup connect.ngrok-agent.com: no such host"
t=2026-06-30T07:22:15+0800 lvl=eror msg="failed to reconnect session" obj=tunnels.session err="failed to dial ngrok server with address \"connect.ngrok-agent.com:443\": dial tcp: lookup connect.ngrok-agent.com: i/o timeout"
t=2026-06-30T07:22:45+0800 lvl=eror msg="failed to reconnect session" obj=tunnels.session err="failed to dial ngrok server with address \"connect.ngrok-agent.com:443\": dial tcp: lookup connect.ngrok-agent.com: no such host"
t=2026-06-30T07:23:15+0800 lvl=eror msg="failed to reconnect session" obj=tunnels.session err="failed to dial ngrok server with address \"connect.ngrok-agent.com:443\": dial tcp: lookup connect.ngrok-agent.com: no such host"
t=2026-06-30T07:23:45+0800 lvl=eror msg="failed to reconnect session" obj=tunnels.session err="failed to dial ngrok server with address \"connect.ngrok-agent.com:443\": dial tcp: lookup connect.ngrok-agent.com: no such host"
t=2026-06-30T07:24:25+0800 lvl=eror msg="failed to reconnect session" obj=tunnels.session err="failed to dial ngrok server with address \"connect.ngrok-agent.com:443\": dial tcp: lookup connect.ngrok-agent.com: i/o timeout"
t=2026-06-30T07:25:05+0800 lvl=eror msg="failed to reconnect session" obj=tunnels.session err="failed to dial ngrok server with address \"connect.ngrok-agent.com:443\": dial tcp: lookup connect.ngrok-agent.com: i/o timeout"
t=2026-06-30T07:25:35+0800 lvl=eror msg="failed to reconnect session" obj=tunnels.session err="failed to dial ngrok server with address \"connect.ngrok-agent.com:443\": dial tcp: lookup connect.ngrok-agent.com: no such host"
t=2026-06-30T07:26:05+0800 lvl=eror msg="failed to reconnect session" obj=tunnels.session err="failed to dial ngrok server with address \"connect.ngrok-agent.com:443\": dial tcp: lookup connect.ngrok-agent.com: no such host"
t=2026-06-30T07:26:35+0800 lvl=eror msg="failed to reconnect session" obj=tunnels.session err="failed to dial ngrok server with address \"connect.ngrok-agent.com:443\": dial tcp: lookup connect.ngrok-agent.com: no such host"
t=2026-06-30T07:27:15+0800 lvl=eror msg="failed to reconnect session" obj=tunnels.session err="failed to dial ngrok server with address \"connect.ngrok-agent.com:443\": dial tcp: lookup connect.ngrok-agent.com: i/o timeout"
t=2026-06-30T07:27:45+0800 lvl=eror msg="failed to reconnect session" obj=tunnels.session err="failed to dial ngrok server with address \"connect.ngrok-agent.com:443\": dial tcp: lookup connect.ngrok-agent.com: no such host"
t=2026-06-30T07:28:25+0800 lvl=eror msg="failed to reconnect session" obj=tunnels.session err="failed to dial ngrok server with address \"connect.ngrok-agent.com:443\": dial tcp: lookup connect.ngrok-agent.com: i/o timeout"
t=2026-06-30T07:28:55+0800 lvl=eror msg="failed to reconnect session" obj=tunnels.session err="failed to dial ngrok server with address \"connect.ngrok-agent.com:443\": dial tcp: lookup connect.ngrok-agent.com: no such host"
t=2026-06-30T07:29:35+0800 lvl=eror msg="failed to reconnect session" obj=tunnels.session err="failed to dial ngrok server with address \"connect.ngrok-agent.com:443\": dial tcp: lookup connect.ngrok-agent.com: i/o timeout"
t=2026-06-30T07:30:15+0800 lvl=eror msg="failed to reconnect session" obj=tunnels.session err="failed to dial ngrok server with address \"connect.ngrok-agent.com:443\": dial tcp: lookup connect.ngrok-agent.com: i/o timeout"
t=2026-06-30T07:30:45+0800 lvl=eror msg="failed to reconnect session" obj=tunnels.session err="failed to dial ngrok server with address \"connect.ngrok-agent.com:443\": dial tcp: lookup connect.ngrok-agent.com: no such host"
t=2026-06-30T07:31:25+0800 lvl=eror msg="failed to reconnect session" obj=tunnels.session err="failed to dial ngrok server with address \"connect.ngrok-agent.com:443\": dial tcp: lookup connect.ngrok-agent.com: i/o timeout"
t=2026-06-30T07:31:55+0800 lvl=eror msg="failed to reconnect session" obj=tunnels.session err="failed to dial ngrok server with address \"connect.ngrok-agent.com:443\": dial tcp: lookup connect.ngrok-agent.com: no such host"
t=2026-06-30T07:32:25+0800 lvl=eror msg="failed to reconnect session" obj=tunnels.session err="failed to dial ngrok server with address \"connect.ngrok-agent.com:443\": dial tcp: lookup connect.ngrok-agent.com: no such host"
t=2026-06-30T07:33:05+0800 lvl=eror msg="failed to reconnect session" obj=tunnels.session err="failed to dial ngrok server with address \"connect.ngrok-agent.com:443\": dial tcp: lookup connect.ngrok-agent.com: i/o timeout"
t=2026-06-30T07:33:35+0800 lvl=eror msg="failed to reconnect session" obj=tunnels.session err="failed to dial ngrok server with address \"connect.ngrok-agent.com:443\": dial tcp: lookup connect.ngrok-agent.com: no such host"
t=2026-06-30T07:34:15+0800 lvl=eror msg="failed to reconnect session" obj=tunnels.session err="failed to dial ngrok server with address \"connect.ngrok-agent.com:443\": dial tcp: lookup connect.ngrok-agent.com: i/o timeout"
t=2026-06-30T07:34:55+0800 lvl=eror msg="failed to reconnect session" obj=tunnels.session err="failed to dial ngrok server with address \"connect.ngrok-agent.com:443\": dial tcp: lookup connect.ngrok-agent.com: i/o timeout"
t=2026-06-30T07:35:25+0800 lvl=eror msg="failed to reconnect session" obj=tunnels.session err="failed to dial ngrok server with address \"connect.ngrok-agent.com:443\": dial tcp: lookup connect.ngrok-agent.com: no such host"
t=2026-06-30T07:36:05+0800 lvl=eror msg="failed to reconnect session" obj=tunnels.session err="failed to dial ngrok server with address \"connect.ngrok-agent.com:443\": dial tcp: lookup connect.ngrok-agent.com: i/o timeout"
t=2026-06-30T07:36:35+0800 lvl=eror msg="failed to reconnect session" obj=tunnels.session err="failed to dial ngrok server with address \"connect.ngrok-agent.com:443\": dial tcp: lookup connect.ngrok-agent.com: no such host"
t=2026-06-30T07:37:05+0800 lvl=eror msg="failed to reconnect session" obj=tunnels.session err="failed to dial ngrok server with address \"connect.ngrok-agent.com:443\": dial tcp: lookup connect.ngrok-agent.com: no such host"
t=2026-06-30T07:37:35+0800 lvl=eror msg="failed to reconnect session" obj=tunnels.session err="failed to dial ngrok server with address \"connect.ngrok-agent.com:443\": dial tcp: lookup connect.ngrok-agent.com: no such host"
t=2026-06-30T07:38:05+0800 lvl=eror msg="failed to reconnect session" obj=tunnels.session err="failed to dial ngrok server with address \"connect.ngrok-agent.com:443\": dial tcp: lookup connect.ngrok-agent.com: no such host"
t=2026-06-30T07:38:35+0800 lvl=eror msg="failed to reconnect session" obj=tunnels.session err="failed to dial ngrok server with address \"connect.ngrok-agent.com:443\": dial tcp: lookup connect.ngrok-agent.com: no such host"
t=2026-06-30T07:39:05+0800 lvl=eror msg="failed to reconnect session" obj=tunnels.session err="failed to dial ngrok server with address \"connect.ngrok-agent.com:443\": dial tcp: lookup connect.ngrok-agent.com: no such host"
t=2026-06-30T07:39:35+0800 lvl=eror msg="failed to reconnect session" obj=tunnels.session err="failed to dial ngrok server with address \"connect.ngrok-agent.com:443\": dial tcp: lookup connect.ngrok-agent.com: no such host"
t=2026-06-30T07:40:15+0800 lvl=eror msg="failed to reconnect session" obj=tunnels.session err="failed to dial ngrok server with address \"connect.ngrok-agent.com:443\": dial tcp: lookup connect.ngrok-agent.com: i/o timeout"
t=2026-06-30T07:40:45+0800 lvl=eror msg="failed to reconnect session" obj=tunnels.session err="failed to dial ngrok server with address \"connect.ngrok-agent.com:443\": dial tcp: lookup connect.ngrok-agent.com: no such host"
t=2026-06-30T07:41:25+0800 lvl=eror msg="failed to reconnect session" obj=tunnels.session err="failed to dial ngrok server with address \"connect.ngrok-agent.com:443\": dial tcp: lookup connect.ngrok-agent.com: i/o timeout"
t=2026-06-30T07:41:55+0800 lvl=eror msg="failed to reconnect session" obj=tunnels.session err="failed to dial ngrok server with address \"connect.ngrok-agent.com:443\": dial tcp: lookup connect.ngrok-agent.com: no such host"
t=2026-06-30T07:42:35+0800 lvl=eror msg="failed to reconnect session" obj=tunnels.session err="failed to dial ngrok server with address \"connect.ngrok-agent.com:443\": dial tcp: lookup connect.ngrok-agent.com: i/o timeout"
t=2026-06-30T07:43:05+0800 lvl=eror msg="failed to reconnect session" obj=tunnels.session err="failed to dial ngrok server with address \"connect.ngrok-agent.com:443\": dial tcp: lookup connect.ngrok-agent.com: no such host"
t=2026-06-30T07:43:45+0800 lvl=eror msg="failed to reconnect session" obj=tunnels.session err="failed to dial ngrok server with address \"connect.ngrok-agent.com:443\": dial tcp: lookup connect.ngrok-agent.com: i/o timeout"
t=2026-06-30T07:44:15+0800 lvl=eror msg="failed to reconnect session" obj=tunnels.session err="failed to dial ngrok server with address \"connect.ngrok-agent.com:443\": dial tcp: lookup connect.ngrok-agent.com: no such host"
t=2026-06-30T07:44:45+0800 lvl=eror msg="failed to reconnect session" obj=tunnels.session err="failed to dial ngrok server with address \"connect.ngrok-agent.com:443\": dial tcp: lookup connect.ngrok-agent.com: no such host"
t=2026-06-30T07:45:15+0800 lvl=eror msg="failed to reconnect session" obj=tunnels.session err="failed to dial ngrok server with address \"connect.ngrok-agent.com:443\": dial tcp: lookup connect.ngrok-agent.com: no such host"
t=2026-06-30T07:45:45+0800 lvl=eror msg="failed to reconnect session" obj=tunnels.session err="failed to dial ngrok server with address \"connect.ngrok-agent.com:443\": dial tcp: lookup connect.ngrok-agent.com: no such host"
t=2026-06-30T07:46:16+0800 lvl=info msg="client session established" obj=tunnels.session
t=2026-06-30T07:46:16+0800 lvl=info msg="tunnel session started" obj=tunnels.session
